relation_id,sentence_id,paper_id,paper_title,doi,subject_mention_id,subject_text,subject_type,predicate,object_mention_id,object_text,object_type,evidence_text,relation_origin,inherited_from,confidence,accepted,support_sentence_ids,support_paragraph_id
paper_004:r0001,,paper_004,Dielectric barrier discharges - progress on plasma sources and on the understanding of regimes and single filaments,10.1088/1361-6595/aa6426,,Dielectric barrier discharges,PlasmaSource,is a type of,,nonthermal,PlasmaProperties,DBDs are a typical example of nonthermal atmospheric or normal pressure gas discharges,,,0.95,True,,paper_004:p0001
paper_004:r0002,,paper_004,Dielectric barrier discharges - progress on plasma sources and on the understanding of regimes and single filaments,10.1088/1361-6595/aa6426,,Dielectric barrier discharges,PlasmaSource,is a type of,,partial discharges,DischargeRegime,so-called partial discharges in insulated high voltage systems are special types of DBDs,,,0.9,True,,paper_004:p0001
paper_004:r0003,,paper_004,Dielectric barrier discharges - progress on plasma sources and on the understanding of regimes and single filaments,10.1088/1361-6595/aa6426,,Dielectric barrier discharges,PlasmaSource,related to,,insulated high voltage systems,PowerSupply,partial discharges in insulated high voltage systems are special types of DBDs,,,0.85,True,,paper_004:p0001
paper_004:r0004,,paper_004,Dielectric barrier discharges - progress on plasma sources and on the understanding of regimes and single filaments,10.1088/1361-6595/aa6426,,self-pulsing operation,PhysicalEffect,causes,,Dielectric barrier discharges,PlasmaSource,an insulating (dielectric) material between the electrodes which is responsible for a self-pulsing operation,,,0.9,True,,paper_004:p0001
paper_004:r0005,,paper_004,Dielectric barrier discharges - progress on plasma sources and on the understanding of regimes and single filaments,10.1088/1361-6595/aa6426,,breakdown processes,PhysicalEffect,related to,,plasma formation,PhysicalEffect,"the breakdown processes, the formation of structures, and the role of surface processes are currently under investigation",,,0.8,True,,paper_004:p0001
paper_004:r0006,,paper_004,Dielectric barrier discharges - progress on plasma sources and on the understanding of regimes and single filaments,10.1088/1361-6595/aa6426,,filamentary,ElectrodeConfiguration,is a type of,,filaments,DischargeRegime,the progress on the investigation of different aspects of breakdown and plasma formation with the focus on single filaments or microdischarges,,,0.85,True,,paper_004:p0001
paper_004:r0007,,paper_004,Dielectric barrier discharges - progress on plasma sources and on the understanding of regimes and single filaments,10.1088/1361-6595/aa6426,,electrical characterization,Experiment,involves,,filamentary DBDs,PlasmaSource,summary of the current knowledge on the electrical characterization of filamentary DBDs,,,0.8,True,,paper_004:p0001
paper_004:r0008,,paper_004,Dielectric barrier discharges - progress on plasma sources and on the understanding of regimes and single filaments,10.1088/1361-6595/aa6426,,surface memory mechanisms,PhysicalEffect,studied in,,filamentary DBDs,PlasmaSource,recent new insights on the elementary volume and surface memory mechanisms in these discharges,,,0.75,True,,paper_004:p0001
paper_004:r0009,,paper_004,Dielectric barrier discharges - progress on plasma sources and on the understanding of regimes and single filaments,10.1088/1361-6595/aa6426,,plasma technology,PlasmaApplication,uses,,Dielectric barrier discharges,PlasmaSource,DBDs are a relevant tool in current plasma technology,,,0.9,True,,paper_004:p0001
paper_004:r0010,,paper_004,Dielectric barrier discharges - progress on plasma sources and on the understanding of regimes and single filaments,10.1088/1361-6595/aa6426,,ozone,Species,generated by,,Dielectric barrier discharges,PlasmaSource,Initially used for the generation of ozone,,,0.85,True,,paper_004:p0001
paper_004:r0011,,paper_004,Dielectric barrier discharges - progress on plasma sources and on the understanding of regimes and single filaments,10.1088/1361-6595/aa6426,,research,Experiment,focus of,,Dielectric barrier discharges,PlasmaSource,Another motivation for further research is the fact that so-called partial discharges in insulated high voltage systems are special types of DBDs,,,0.8,True,,paper_004:p0001
paper_004:r0012,,paper_004,Dielectric barrier discharges - progress on plasma sources and on the understanding of regimes and single filaments,10.1088/1361-6595/aa6426,,development,Modelling,related to,,Dielectric barrier discharges,PlasmaSource,considering the research and development within the last two decades,,,0.75,True,,paper_004:p0001
paper_004:r0013,,paper_004,Dielectric barrier discharges - progress on plasma sources and on the understanding of regimes and single filaments,10.1088/1361-6595/aa6426,,Dielectric barrier discharges (DBDs),PlasmaSource,contains,,dielectric barrier,ElectrodeMaterial,dielectric barrier is responsible for a self-pulsing plasma operation,,,0.95,True,,paper_004:p0002
paper_004:r0014,,paper_004,Dielectric barrier discharges - progress on plasma sources and on the understanding of regimes and single filaments,10.1088/1361-6595/aa6426,,Dielectric barrier discharges (DBDs),PlasmaSource,causes,,self-pulsing plasma operation,PhysicalEffect,dielectric barrier is responsible for a self-pulsing plasma operation,,,0.9,True,,paper_004:p0002
paper_004:r0015,,paper_004,Dielectric barrier discharges - progress on plasma sources and on the understanding of regimes and single filaments,10.1088/1361-6595/aa6426,,Dielectric barrier discharges (DBDs),PlasmaSource,used for,,surface treatment,PlasmaApplication,"e.g. surface treatment, degradation of pollutant molecules in gases",,,0.9,True,,paper_004:p0002
paper_004:r0016,,paper_004,Dielectric barrier discharges - progress on plasma sources and on the understanding of regimes and single filaments,10.1088/1361-6595/aa6426,,Dielectric barrier discharges (DBDs),PlasmaSource,used for,,biological decontamination of medical devices,PlasmaApplication,"biological decontamination of medical devices, air flows, and tissues",,,0.9,True,,paper_004:p0002
paper_004:r0017,,paper_004,Dielectric barrier discharges - progress on plasma sources and on the understanding of regimes and single filaments,10.1088/1361-6595/aa6426,,Dielectric barrier discharges (DBDs),PlasmaSource,used in,,aerodynamic control systems,PlasmaApplication,sources for the electric wind in aerodynamic control systems,,,0.85,True,,paper_004:p0002
paper_004:r0018,,paper_004,Dielectric barrier discharges - progress on plasma sources and on the understanding of regimes and single filaments,10.1088/1361-6595/aa6426,,Dielectric barrier discharges (DBDs),PlasmaSource,generates,,electric wind,PhysicalEffect,sources for the electric wind in aerodynamic control systems,,,0.85,True,,paper_004:p0002
paper_004:r0019,,paper_004,Dielectric barrier discharges - progress on plasma sources and on the understanding of regimes and single filaments,10.1088/1361-6595/aa6426,,Dielectric barrier discharges (DBDs),PlasmaSource,used in,,analytical detection devices,DiagnosticDevice,used in novel analytical detection devices,,,0.8,True,,paper_004:p0002
paper_004:r0020,,paper_004,Dielectric barrier discharges - progress on plasma sources and on the understanding of regimes and single filaments,10.1088/1361-6595/aa6426,,Dielectric barrier discharges (DBDs),PlasmaSource,generates,,ozone,Species,First introduced for the generation of ozone in 1857,,,0.9,True,,paper_004:p0002
paper_004:r0021,,paper_004,Dielectric barrier discharges - progress on plasma sources and on the understanding of regimes and single filaments,10.1088/1361-6595/aa6426,,Dielectric barrier discharges (DBDs),PlasmaSource,used for,,pumping of gas lasers,PlasmaApplication,pumping of gas lasers,,,0.85,True,,paper_004:p0002
paper_004:r0022,,paper_004,Dielectric barrier discharges - progress on plasma sources and on the understanding of regimes and single filaments,10.1088/1361-6595/aa6426,,Dielectric barrier discharges (DBDs),PlasmaSource,used for,,plasma displays,PlasmaApplication,plasma displays,,,0.85,True,,paper_004:p0002
paper_004:r0023,,paper_004,Dielectric barrier discharges - progress on plasma sources and on the understanding of regimes and single filaments,10.1088/1361-6595/aa6426,,Dielectric barrier discharges (DBDs),PlasmaSource,used for,,generation of excimer radiation,PlasmaApplication,generation of excimer radiation,,,0.8,True,,paper_004:p0002
paper_004:r0024,,paper_004,Dielectric barrier discharges - progress on plasma sources and on the understanding of regimes and single filaments,10.1088/1361-6595/aa6426,,DBDs,PlasmaSource,uses,,dielectric materials,ElectrodeMaterial,"dielectric materials such as glass, quartz, ceramics, enamel, mica, plastics, silicon rubber or teflon are used",,,0.95,True,,paper_004:p0003
paper_004:r0025,,paper_004,Dielectric barrier discharges - progress on plasma sources and on the understanding of regimes and single filaments,10.1088/1361-6595/aa6426,,discharge gap,ElectrodeConfiguration,has range,,0.1-10 mm,PhysicalQuantity,the discharge gap is typically in the range of 0.1-10 mm,,,0.9,True,,paper_004:p0003
paper_004:r0026,,paper_004,Dielectric barrier discharges - progress on plasma sources and on the understanding of regimes and single filaments,10.1088/1361-6595/aa6426,,DBDs,PlasmaSource,requires,,alternating or pulsed high voltage,PowerSupply,alternating or pulsed high voltage is required,,,0.95,True,,paper_004:p0003
paper_004:r0027,,paper_004,Dielectric barrier discharges - progress on plasma sources and on the understanding of regimes and single filaments,10.1088/1361-6595/aa6426,,metallic electrodes,ElectrodeMaterial,protected by,,dielectric barrier(s),ElectrodeMaterial,both metallic electrodes are protected from the reactive species,,,0.9,True,,paper_004:p0003
paper_004:r0028,,paper_004,Dielectric barrier discharges - progress on plasma sources and on the understanding of regimes and single filaments,10.1088/1361-6595/aa6426,,metallic electrodes,ElectrodeMaterial,exposed to,,plasma,PlasmaMedium,one or both metallic electrodes are exposed to the plasma,,,0.85,True,,paper_004:p0003
paper_004:r0029,,paper_004,Dielectric barrier discharges - progress on plasma sources and on the understanding of regimes and single filaments,10.1088/1361-6595/aa6426,,plasma,PlasmaMedium,causes,,erosion or corrosion,PhysicalEffect,can lead to its erosion or corrosion,,,0.8,True,,paper_004:p0003
paper_004:r0030,,paper_004,Dielectric barrier discharges - progress on plasma sources and on the understanding of regimes and single filaments,10.1088/1361-6595/aa6426,,dielectric layer,ElectrodeMaterial,used in,,treatment of gases,PlasmaApplication,an option for the treatment of gases by DBDs,,,0.85,True,,paper_004:p0003
paper_004:r0031,,paper_004,Dielectric barrier discharges - progress on plasma sources and on the understanding of regimes and single filaments,10.1088/1361-6595/aa6426,,surface DBDs,ElectrodeConfiguration,characterized by,,surface,DischargeRegime,"surface DBDs (b1,2) both electrodes are in direct contact with the barrier",,,0.9,True,,paper_004:p0003
paper_004:r0032,,paper_004,Dielectric barrier discharges - progress on plasma sources and on the understanding of regimes and single filaments,10.1088/1361-6595/aa6426,,asymmetric configuration,ElectrodeConfiguration,described in,,plasma actuators,PlasmaApplication,asymmetric configuration (b2) is well described in the literature on plasma actuators,,,0.85,True,,paper_004:p0003
paper_004:r0033,,paper_004,Dielectric barrier discharges - progress on plasma sources and on the understanding of regimes and single filaments,10.1088/1361-6595/aa6426,,coplanar discharges,ElectrodeConfiguration,has,,embedded in insulator,ElectrodeMaterial,both electrodes are embedded in the insulator,,,0.9,True,,paper_004:p0003
paper_004:r0034,,paper_004,Dielectric barrier discharges - progress on plasma sources and on the understanding of regimes and single filaments,10.1088/1361-6595/aa6426,,dielectric layer,ElectrodeMaterial,separates,,gas gap,ElectrodeConfiguration,a dielectric layer is separating the gas gap in two sections,,,0.85,True,,paper_004:p0003
paper_004:r0035,,paper_004,Dielectric barrier discharges - progress on plasma sources and on the understanding of regimes and single filaments,10.1088/1361-6595/aa6426,,"configuration (a2,3)",ElectrodeConfiguration,has lower,,voltage amplitude,PhysicalQuantity,plasma can be operated at lower high voltage amplitude than in (a1),,,0.8,True,,paper_004:p0003
paper_004:r0036,,paper_004,Dielectric barrier discharges - progress on plasma sources and on the understanding of regimes and single filaments,10.1088/1361-6595/aa6426,,configuration (a3),ElectrodeConfiguration,has,,dielectric floated,ElectrodeMaterial,in (a3) the dielectric is floated,,,0.85,True,,paper_004:p0003
paper_004:r0037,,paper_004,Dielectric barrier discharges - progress on plasma sources and on the understanding of regimes and single filaments,10.1088/1361-6595/aa6426,,surface DBDs,ElectrodeConfiguration,involves,,dielectric surface,ElectrodeMaterial,plasma is formed in the gas at the exposed surface electrode,,,0.8,True,,paper_004:p0003
paper_004:r0038,,paper_004,Dielectric barrier discharges - progress on plasma sources and on the understanding of regimes and single filaments,10.1088/1361-6595/aa6426,,sliding discharge,DischargeRegime,used_for,,plasma actuation,PlasmaApplication,The so-called sliding discharge ... has been developed for plasma actuation and catalysis,,,0.95,True,,paper_004:p0004
paper_004:r0039,,paper_004,Dielectric barrier discharges - progress on plasma sources and on the understanding of regimes and single filaments,10.1088/1361-6595/aa6426,,sliding discharge,DischargeRegime,based_on,,asymmetric surface DBD,ElectrodeConfiguration,The configuration is based on the asymmetric surface DBD,,,0.9,True,,paper_004:p0004
paper_004:r0040,,paper_004,Dielectric barrier discharges - progress on plasma sources and on the understanding of regimes and single filaments,10.1088/1361-6595/aa6426,,capillary plasma electrode discharge,PlasmaSource,leads_to,,more uniform and higher density plasmas,PlasmaProperties,the perforated dielectric ... leads to more uniform and higher density plasmas,,,0.95,True,,paper_004:p0004
paper_004:r0041,,paper_004,Dielectric barrier discharges - progress on plasma sources and on the understanding of regimes and single filaments,10.1088/1361-6595/aa6426,,microplasma arrays,PlasmaSource,produced_by,,micro-machining techniques,Experiment,They are produced by micro-machining techniques,,,0.9,True,,paper_004:p0004
paper_004:r0042,,paper_004,Dielectric barrier discharges - progress on plasma sources and on the understanding of regimes and single filaments,10.1088/1361-6595/aa6426,,silicon-electrode,ElectrodeMaterial,coated_with,,silicon nitride,ElectrodeMaterial,silicon-electrode is coated with a μm thick film of silicon nitride,,,0.95,True,,paper_004:p0004
paper_004:r0043,,paper_004,Dielectric barrier discharges - progress on plasma sources and on the understanding of regimes and single filaments,10.1088/1361-6595/aa6426,,polymer-based replica molding processes,Modelling,enables,,flexible arrays of microcavity plasma devices,PlasmaSource,The use of polymer-based replica molding processes allows fabrication of flexible arrays,,,0.85,True,,paper_004:p0004
paper_004:r0044,,paper_004,Dielectric barrier discharges - progress on plasma sources and on the understanding of regimes and single filaments,10.1088/1361-6595/aa6426,,piezoelectric operated DBD,PowerSupply,reduces,,voltage amplitude,PhysicalQuantity,The reduction of the voltage amplitude is possible by the utilization of piezoelectric crystals,,,0.9,True,,paper_004:p0004
paper_004:r0045,,paper_004,Dielectric barrier discharges - progress on plasma sources and on the understanding of regimes and single filaments,10.1088/1361-6595/aa6426,,resistive barrier discharge,PlasmaSource,uses,,highly resistive sheet,ElectrodeMaterial,a highly resistive sheet ... covering one or both electrodes,,,0.95,True,,paper_004:p0004
paper_004:r0046,,paper_004,Dielectric barrier discharges - progress on plasma sources and on the understanding of regimes and single filaments,10.1088/1361-6595/aa6426,,semiconductor electrodes,ElectrodeMaterial,operated_at,,cryogenic temperatures,PhysicalQuantity,Systems with semiconductor electrodes at cryogenic temperatures were studied,,,0.85,True,,paper_004:p0004
paper_004:r0047,,paper_004,Dielectric barrier discharges - progress on plasma sources and on the understanding of regimes and single filaments,10.1088/1361-6595/aa6426,,illumination,PhysicalEffect,increases,,effective capacity,PlasmaProperties,the illumination increases the specific conductivity ... effective capacity,,,0.9,True,,paper_004:p0004
paper_004:r0048,,paper_004,Dielectric barrier discharges - progress on plasma sources and on the understanding of regimes and single filaments,10.1088/1361-6595/aa6426,,piezoelectric crystals,PowerSupply,enables,,DBD-based plasma jets,PlasmaApplication,The generation of DBD-based plasma jets by means of piezoelectric transformers has been demonstrated,,,0.9,True,,paper_004:p0004
paper_004:r0049,,paper_004,Dielectric barrier discharges - progress on plasma sources and on the understanding of regimes and single filaments,10.1088/1361-6595/aa6426,,DBDs,PlasmaSource,operated_with,,AC high voltage,PowerSupply,DBDs are operated with AC high voltage in the kHz-range,,,0.95,True,,paper_004:p0005
paper_004:r0050,,paper_004,Dielectric barrier discharges - progress on plasma sources and on the understanding of regimes and single filaments,10.1088/1361-6595/aa6426,,DBD arrangement,ElectrodeConfiguration,interpreted_as,,capacitive element,PhysicalQuantity,the DBD arrangement has to be interpreted as a capacitive element,,,0.9,True,,paper_004:p0005
paper_004:r0051,,paper_004,Dielectric barrier discharges - progress on plasma sources and on the understanding of regimes and single filaments,10.1088/1361-6595/aa6426,,displacement current,PhysicalQuantity,determined_by,,total capacity of the DBD arrangement,PhysicalQuantity,displacement current is determined by the total capacity of the DBD arrangement,,,0.95,True,,paper_004:p0005
paper_004:r0052,,paper_004,Dielectric barrier discharges - progress on plasma sources and on the understanding of regimes and single filaments,10.1088/1361-6595/aa6426,,displacement current,PhysicalQuantity,determined_by,,time derivative of the applied voltage,PhysicalQuantity,displacement current is determined by ... the time derivative of the applied voltage,,,0.95,True,,paper_004:p0005
paper_004:r0053,,paper_004,Dielectric barrier discharges - progress on plasma sources and on the understanding of regimes and single filaments,10.1088/1361-6595/aa6426,,total capacity,PhysicalQuantity,determined_by,,dielectric constant,PhysicalQuantity,the total capacity is given by the dielectric constant,,,0.9,True,,paper_004:p0005
paper_004:r0054,,paper_004,Dielectric barrier discharges - progress on plasma sources and on the understanding of regimes and single filaments,10.1088/1361-6595/aa6426,,total capacity,PhysicalQuantity,determined_by,,thickness of the barrier(s),PhysicalQuantity,the total capacity is given by ... the thickness of the barrier(s),,,0.9,True,,paper_004:p0005
paper_004:r0055,,paper_004,Dielectric barrier discharges - progress on plasma sources and on the understanding of regimes and single filaments,10.1088/1361-6595/aa6426,,total capacity,PhysicalQuantity,determined_by,,geometry of the DBD arrangement,ElectrodeConfiguration,the total capacity is given by ... the geometry of the DBD arrangement,,,0.9,True,,paper_004:p0005
paper_004:r0056,,paper_004,Dielectric barrier discharges - progress on plasma sources and on the understanding of regimes and single filaments,10.1088/1361-6595/aa6426,,pulsed or radiofrequency,PowerSupply,applied_to,,discharge regimes,DischargeRegime,extended this to pulsed or radiofrequency driven discharges,,,0.9,True,,paper_004:p0005
paper_004:r0057,,paper_004,Dielectric barrier discharges - progress on plasma sources and on the understanding of regimes and single filaments,10.1088/1361-6595/aa6426,,frequencies,PhysicalQuantity,measured_in,,kHz-range,Unit,operated with AC high voltage in the kHz-range,,,0.95,True,,paper_004:p0005
paper_004:r0058,,paper_004,Dielectric barrier discharges - progress on plasma sources and on the understanding of regimes and single filaments,10.1088/1361-6595/aa6426,,frequencies,PhysicalQuantity,measured_in,,MHz,Unit,radiofrequency (i.e. frequencies of 1 MHz and more),,,0.95,True,,paper_004:p0005
paper_004:r0059,,paper_004,Dielectric barrier discharges - progress on plasma sources and on the understanding of regimes and single filaments,10.1088/1361-6595/aa6426,,classical operation regime,DischargeRegime,related_to,,filamentary plasmas,DischargeRegime,The classical operation regime and filamentary plasmas,,,0.9,True,,paper_004:p0006
paper_004:r0060,,paper_004,Dielectric barrier discharges - progress on plasma sources and on the understanding of regimes and single filaments,10.1088/1361-6595/aa6426,,electrical breakdown,PhysicalEffect,causes,,surface charges,PhysicalQuantity,electrical breakdown leads to the charging of the insulator surfaces,,,0.95,True,,paper_004:p0006
paper_004:r0061,,paper_004,Dielectric barrier discharges - progress on plasma sources and on the understanding of regimes and single filaments,10.1088/1361-6595/aa6426,,surface charges,PhysicalQuantity,induces,,electric field,PhysicalQuantity,surface charges induce an electric field opposed to the applied electric field,,,0.9,True,,paper_004:p0006
paper_004:r0062,,paper_004,Dielectric barrier discharges - progress on plasma sources and on the understanding of regimes and single filaments,10.1088/1361-6595/aa6426,,insulator,ElectrodeMaterial,limits,,charge,PhysicalQuantity,the insulator electrically acts like a load which limits the amount of charge,,,0.85,True,,paper_004:p0006
paper_004:r0063,,paper_004,Dielectric barrier discharges - progress on plasma sources and on the understanding of regimes and single filaments,10.1088/1361-6595/aa6426,,AC high voltage,PowerSupply,causes,,breakdown,PhysicalEffect,In case of AC high voltage a breakdown occurs during the increase of the value of the applied voltage,,,0.9,True,,paper_004:p0006
paper_004:r0064,,paper_004,Dielectric barrier discharges - progress on plasma sources and on the understanding of regimes and single filaments,10.1088/1361-6595/aa6426,,unipolar pulsed operated DBDs,PlasmaSource,causes,,back discharge,DischargeRegime,causes the second breakdown in the same high voltage period (also referred to as back discharge),,,0.85,True,,paper_004:p0006
paper_004:r0065,,paper_004,Dielectric barrier discharges - progress on plasma sources and on the understanding of regimes and single filaments,10.1088/1361-6595/aa6426,,streamer breakdown mechanism,PhysicalEffect,leads_to,,distinct plasma channels,DischargeRegime,gas discharges tend to constrict due to the streamer breakdown mechanism,,,0.9,True,,paper_004:p0006
paper_004:r0066,,paper_004,Dielectric barrier discharges - progress on plasma sources and on the understanding of regimes and single filaments,10.1088/1361-6595/aa6426,,Electron avalanches,DiagnosticDevice,creates,,space charge,PhysicalQuantity,Electron avalanches create a space charge and thus an additional electric field,,,0.85,True,,paper_004:p0006
paper_004:r0067,,paper_004,Dielectric barrier discharges - progress on plasma sources and on the understanding of regimes and single filaments,10.1088/1361-6595/aa6426,,electric field,PhysicalQuantity,enhances,,growth of secondary electron avalanches,PhysicalEffect,an additional electric field which enhances the growth of secondary electron avalanches locally,,,0.8,True,,paper_004:p0006
paper_004:r0068,,paper_004,Dielectric barrier discharges - progress on plasma sources and on the understanding of regimes and single filaments,10.1088/1361-6595/aa6426,,growth of secondary electron avalanches,PhysicalEffect,forms,,distinct plasma channels,DischargeRegime,the ionized region and the perturbation of the electric field grows rapidly and forms distinct plasma channels,,,0.85,True,,paper_004:p0006
paper_004:r0069,,paper_004,Dielectric barrier discharges - progress on plasma sources and on the understanding of regimes and single filaments,10.1088/1361-6595/aa6426,,DBDs,PlasmaSource,example_of,,filamentary plasmas,DischargeRegime,DBDs in most molecular gases but also in argon... are typical examples of such filamentary plasmas,,,0.9,True,,paper_004:p0006
paper_004:r0070,,paper_004,Dielectric barrier discharges - progress on plasma sources and on the understanding of regimes and single filaments,10.1088/1361-6595/aa6426,,radio frequency operated asymmetric surface DBDs,PlasmaSource,used_in,,filamentary plasma generation,PlasmaApplication,Filamentary plasma generation was also obtained in radio frequency operated asymmetric surface DBDs,,,0.85,True,,paper_004:p0006
paper_004:r0071,,paper_004,Dielectric barrier discharges - progress on plasma sources and on the understanding of regimes and single filaments,10.1088/1361-6595/aa6426,,frequency (13.56 MHz),PhysicalQuantity,enables,,trapping of electrons,PhysicalEffect,the frequency (13.56 MHz) is high enough to trap electrons in the discharge region across successive cycles,,,0.8,True,,paper_004:p0006
paper_004:r0072,,paper_004,Dielectric barrier discharges - progress on plasma sources and on the understanding of regimes and single filaments,10.1088/1361-6595/aa6426,,frequency (13.56 MHz),PhysicalQuantity,increases,,"length, intensity, degree of branching of the discharge channels",PlasmaProperties,"It leads to an increase in the length, intensity and degree of branching of the discharge channels",,,0.85,True,,paper_004:p0006
paper_004:r0073,,paper_004,Dielectric barrier discharges - progress on plasma sources and on the understanding of regimes and single filaments,10.1088/1361-6595/aa6426,,microdischarge channels,DischargeRegime,spreads_on,,barrier surface,PlasmaTarget,The microdischarge channels are spreading on the barrier surface,,,0.8,True,,paper_004:p0006
paper_004:r0074,,paper_004,Dielectric barrier discharges - progress on plasma sources and on the understanding of regimes and single filaments,10.1088/1361-6595/aa6426,,voltage amplitude,PhysicalQuantity,increases,,number of microdischarge per active phase,DischargeRegime,An increase of the voltage amplitude... leads to a higher number of microdischarge per active phase,,,0.85,True,,paper_004:p0006
paper_004:r0075,,paper_004,Dielectric barrier discharges - progress on plasma sources and on the understanding of regimes and single filaments,10.1088/1361-6595/aa6426,,charge transferred to a single microdischarge,PhysicalQuantity,depends_on,,discharge gap g,PhysicalQuantity,It is proportional to the discharge gap g,,,0.8,True,,paper_004:p0006
paper_004:r0076,,paper_004,Dielectric barrier discharges - progress on plasma sources and on the understanding of regimes and single filaments,10.1088/1361-6595/aa6426,,charge transferred to a single microdischarge,PhysicalQuantity,independent_of,,electrode material,ElectrodeMaterial,values are independent on electrode material,,,0.8,True,,paper_004:p0006
paper_004:r0077,,paper_004,Dielectric barrier discharges - progress on plasma sources and on the understanding of regimes and single filaments,10.1088/1361-6595/aa6426,,duration of microdischarges,PhysicalQuantity,determined_by,,gas,PlasmaMedium,The duration of microdischarges is determined by the gas as well as the discharge arrangement,,,0.85,True,,paper_004:p0006
paper_004:r0078,,paper_004,Dielectric barrier discharges - progress on plasma sources and on the understanding of regimes and single filaments,10.1088/1361-6595/aa6426,,argon,PlasmaMedium,has,,duration of a few μs,PhysicalQuantity,Microdischarges in argon can have a duration of a few μs,,,0.8,True,,paper_004:p0006
paper_004:r0079,,paper_004,Dielectric barrier discharges - progress on plasma sources and on the understanding of regimes and single filaments,10.1088/1361-6595/aa6426,,current density,PhysicalQuantity,reaches,,1000 A cm-2,PhysicalQuantity,maximum current density can reach up to 1000 A cm-2,,,0.85,True,,paper_004:p0006
paper_004:r0080,,paper_004,Dielectric barrier discharges - progress on plasma sources and on the understanding of regimes and single filaments,10.1088/1361-6595/aa6426,,DBDs,PlasmaSource,operates_in,,filamentary regime,DischargeRegime,DBDs were known to operate only in the filamentary regime,,,0.95,True,,paper_004:p0007
paper_004:r0081,,paper_004,Dielectric barrier discharges - progress on plasma sources and on the understanding of regimes and single filaments,10.1088/1361-6595/aa6426,,external pre-ionisation,PhysicalEffect,enables,,uniform DBDs,DischargeRegime,external pre-ionisation by UV-photons or x-rays enable the generation of uniform DBDs,,,0.9,True,,paper_004:p0007
paper_004:r0082,,paper_004,Dielectric barrier discharges - progress on plasma sources and on the understanding of regimes and single filaments,10.1088/1361-6595/aa6426,,uniform or diffuse,DischargeRegime,covers,,surface,PlasmaTarget,surface cross section is covered by the discharge more or less entirely,,,0.85,True,,paper_004:p0007
paper_004:r0083,,paper_004,Dielectric barrier discharges - progress on plasma sources and on the understanding of regimes and single filaments,10.1088/1361-6595/aa6426,,AC operated,PowerSupply,generates,,uniform DBD,DischargeRegime,the first AC operated uniform DBD in helium was described,,,0.9,True,,paper_004:p0007
paper_004:r0084,,paper_004,Dielectric barrier discharges - progress on plasma sources and on the understanding of regimes and single filaments,10.1088/1361-6595/aa6426,,helium,PlasmaMedium,used_in,,uniform DBD,DischargeRegime,the first AC operated uniform DBD in helium was described,,,0.9,True,,paper_004:p0007
paper_004:r0085,,paper_004,Dielectric barrier discharges - progress on plasma sources and on the understanding of regimes and single filaments,10.1088/1361-6595/aa6426,,uniform DBDs,DischargeRegime,generated_in,,plasma display panel cells,PlasmaApplication,generated in plasma display panel cells,,,0.85,True,,paper_004:p0007
paper_004:r0086,,paper_004,Dielectric barrier discharges - progress on plasma sources and on the understanding of regimes and single filaments,10.1088/1361-6595/aa6426,,gas composition,PlasmaMedium,required_for,,uniform DBD,DischargeRegime,"requires specific conditions, in particular on the gas composition or purity",,,0.8,True,,paper_004:p0007
paper_004:r0087,,paper_004,Dielectric barrier discharges - progress on plasma sources and on the understanding of regimes and single filaments,10.1088/1361-6595/aa6426,,frequency,PhysicalQuantity,affects,,uniform DBD,DischargeRegime,depends on the frequency of applied voltage,,,0.8,True,,paper_004:p0007
paper_004:r0088,,paper_004,Dielectric barrier discharges - progress on plasma sources and on the understanding of regimes and single filaments,10.1088/1361-6595/aa6426,,external electrical circuit,Modelling,limits,,dissipated power,PhysicalQuantity,properties of the external electrical circuit limiting the dissipated power,,,0.85,True,,paper_004:p0007
paper_004:r0089,,paper_004,Dielectric barrier discharges - progress on plasma sources and on the understanding of regimes and single filaments,10.1088/1361-6595/aa6426,,filamentary DBD,DischargeRegime,appears_as,,uniform,DischargeRegime,can appear to be uniform to the naked eye if the number density... is high,,,0.8,True,,paper_004:p0007
paper_004:r0090,,paper_004,Dielectric barrier discharges - progress on plasma sources and on the understanding of regimes and single filaments,10.1088/1361-6595/aa6426,,transition,PhysicalEffect,involves,,uniform and filamentary mode,DischargeRegime,"transition regimes, where uniform and filamentary mode exists within the same half period",,,0.8,True,,paper_004:p0007
paper_004:r0091,,paper_004,Dielectric barrier discharges - progress on plasma sources and on the understanding of regimes and single filaments,10.1088/1361-6595/aa6426,,short exposure time photographs,Experiment,prove,,uniform character,PlasmaProperties,proved by short exposure time photographs combined with fast discharge current measurements,,,0.85,True,,paper_004:p0007
paper_004:r0092,,paper_004,Dielectric barrier discharges - progress on plasma sources and on the understanding of regimes and single filaments,10.1088/1361-6595/aa6426,,filamentary DBD,DischargeRegime,characterized_by,,current spikes,PhysicalQuantity,individual and erratic appearing current 'spikes' are observed,,,0.85,True,,paper_004:p0007
paper_004:r0093,,paper_004,Dielectric barrier discharges - progress on plasma sources and on the understanding of regimes and single filaments,10.1088/1361-6595/aa6426,,diffuse DBD,DischargeRegime,characterized_by,,longer current pulses,PhysicalQuantity,much longer current pulses which are in phase with the applied voltage,,,0.85,True,,paper_004:p0007
paper_004:r0094,,paper_004,Dielectric barrier discharges - progress on plasma sources and on the understanding of regimes and single filaments,10.1088/1361-6595/aa6426,,diffuse DBDs,DischargeRegime,described_as,,atmospheric pressure glow discharge (APGD),DischargeRegime,diffuse DBDs were described either as atmospheric pressure townsend discharge or atmospheric pressure glow discharge,,,0.9,True,,paper_004:p0007
paper_004:r0095,,paper_004,Dielectric barrier discharges - progress on plasma sources and on the understanding of regimes and single filaments,10.1088/1361-6595/aa6426,,diffuse DBDs,DischargeRegime,generated_in,,pure gases,PlasmaMedium,"generated in pure gases (helium, neon, nitrogen)",,,0.85,True,,paper_004:p0007
paper_004:r0096,,paper_004,Dielectric barrier discharges - progress on plasma sources and on the understanding of regimes and single filaments,10.1088/1361-6595/aa6426,,APGD,DischargeRegime,observed_in,,rare gases,PlasmaMedium,typically observed in rare gases like helium and neon,,,0.85,True,,paper_004:p0007
paper_004:r0097,,paper_004,Dielectric barrier discharges - progress on plasma sources and on the understanding of regimes and single filaments,10.1088/1361-6595/aa6426,,metastable states,PhysicalEffect,induce,,multistage ionization processes,PhysicalEffect,metastable states of noble gases are considered to induce a variety of multistage ionization processes,,,0.8,True,,paper_004:p0007
paper_004:r0098,,paper_004,Dielectric barrier discharges - progress on plasma sources and on the understanding of regimes and single filaments,10.1088/1361-6595/aa6426,,Penning ionisation,PhysicalEffect,occurs_in,,gas mixtures with nitrogen,PlasmaMedium,when impurities or admixtures of nitrogen are present... Penning ionisation plays an important role,,,0.8,True,,paper_004:p0007
paper_004:r0099,,paper_004,Dielectric barrier discharges - progress on plasma sources and on the understanding of regimes and single filaments,10.1088/1361-6595/aa6426,,plasma display cells,PlasmaApplication,use,,Penning gas mixtures,PlasmaMedium,plasma display cells are a typical example of DBDs operated in so-called Penning gas mixtures,,,0.85,True,,paper_004:p0007
paper_004:r0100,,paper_004,Dielectric barrier discharges - progress on plasma sources and on the understanding of regimes and single filaments,10.1088/1361-6595/aa6426,,APGD,DischargeRegime,characterized_by,,cathode fall,PhysicalEffect,formation of a cathode fall is an essential feature of the APGD,,,0.85,True,,paper_004:p0007
paper_004:r0101,,paper_004,Dielectric barrier discharges - progress on plasma sources and on the understanding of regimes and single filaments,10.1088/1361-6595/aa6426,,APGD,DischargeRegime,has_current_density,,1-100 mA cm-2,PhysicalQuantity,current density per pulse is in the range of 1-100 mA cm-2,,,0.8,True,,paper_004:p0007
paper_004:r0102,,paper_004,Dielectric barrier discharges - progress on plasma sources and on the understanding of regimes and single filaments,10.1088/1361-6595/aa6426,,APTD,DischargeRegime,observed_in,,nitrogen,PlasmaMedium,APT D is typically obtained in nitrogen and noble gases,,,0.8,True,,paper_004:p0007
paper_004:r0103,,paper_004,Dielectric barrier discharges - progress on plasma sources and on the understanding of regimes and single filaments,10.1088/1361-6595/aa6426,,APTD,DischargeRegime,characterized_by,,exponential increase of electron density,PhysicalQuantity,characterized by an exponential increase of the electron density towards the anode,,,0.8,True,,paper_004:p0007
paper_004:r0104,,paper_004,Dielectric barrier discharges - progress on plasma sources and on the understanding of regimes and single filaments,10.1088/1361-6595/aa6426,,APTD,DischargeRegime,has_current_density,,0.01-10 mA cm-2,PhysicalQuantity,current density is lower (0.01-10 mA cm-2),,,0.8,True,,paper_004:p0007
paper_004:r0105,,paper_004,Dielectric barrier discharges - progress on plasma sources and on the understanding of regimes and single filaments,10.1088/1361-6595/aa6426,,Capillary jet mode,DischargeRegime,involves,,dielectric capillaries,ElectrodeMaterial,perforated dielectric barrier(s) or dielectric capillaries... cover one or both electrodes,,,0.95,True,,paper_004:p0009
paper_004:r0106,,paper_004,Dielectric barrier discharges - progress on plasma sources and on the understanding of regimes and single filaments,10.1088/1361-6595/aa6426,,Capillary jet mode,DischargeRegime,produces,,jets,PlasmaSource,capillaries serve as plasma sources producing jets of high intensity plasma,,,0.9,True,,paper_004:p0009
paper_004:r0107,,paper_004,Dielectric barrier discharges - progress on plasma sources and on the understanding of regimes and single filaments,10.1088/1361-6595/aa6426,,jets,PlasmaSource,supports,,breakdown in,PhysicalEffect,support breakdown in the gap leading to a more uniform and stable plasma,,,0.85,True,,paper_004:p0009
paper_004:r0108,,paper_004,Dielectric barrier discharges - progress on plasma sources and on the understanding of regimes and single filaments,10.1088/1361-6595/aa6426,,Capillary jet mode,DischargeRegime,has_property,,electron density,PhysicalQuantity,this mode also shows a higher electron density than usual filamentary DBDs,,,0.8,True,,paper_004:p0009
paper_004:r0109,,paper_004,Dielectric barrier discharges - progress on plasma sources and on the understanding of regimes and single filaments,10.1088/1361-6595/aa6426,,dielectric capillaries,ElectrodeMaterial,has_property,,length-to-diameter,PhysicalQuantity,dielectric capillaries from 0.01 to 1 mm and length-to-diameter ratios of about 10:1,,,0.9,True,,paper_004:p0009
paper_004:r0110,,paper_004,Dielectric barrier discharges - progress on plasma sources and on the understanding of regimes and single filaments,10.1088/1361-6595/aa6426,,Capillary jet,Experiment,investigates,,Capillary jet mode,DischargeRegime,Special discharge modes are also investigated in the capillary plasma electrodes,,,0.9,True,,paper_004:p0009
paper_004:r0111,,paper_004,Dielectric barrier discharges - progress on plasma sources and on the understanding of regimes and single filaments,10.1088/1361-6595/aa6426,,gas gap,ElectrodeConfiguration,contains,,breakdown in,PhysicalEffect,support breakdown in the gap leading to a more uniform and stable plasma,,,0.85,True,,paper_004:p0009
paper_004:r0112,,paper_004,Dielectric barrier discharges - progress on plasma sources and on the understanding of regimes and single filaments,10.1088/1361-6595/aa6426,,DBD-based,ElectrodeConfiguration,type_of,,DBD-based plasma sources,PlasmaSource,DBD-based plasma sources,,,0.95,True,,paper_004:p0010
paper_004:r0113,,paper_004,Dielectric barrier discharges - progress on plasma sources and on the understanding of regimes and single filaments,10.1088/1361-6595/aa6426,,DBD-based plasma sources,PlasmaSource,related_to,,reactor,DiagnosticDevice,DBD reactor or device designs,,,0.9,True,,paper_004:p0010
paper_004:r0114,,paper_004,Dielectric barrier discharges - progress on plasma sources and on the understanding of regimes and single filaments,10.1088/1361-6595/aa6426,,DBD-based plasma sources,PlasmaSource,applied_in,,treatment of gas streams,PlasmaApplication,the treatment of gas streams,,,0.95,True,,paper_004:p0010
paper_004:r0115,,paper_004,Dielectric barrier discharges - progress on plasma sources and on the understanding of regimes and single filaments,10.1088/1361-6595/aa6426,,DBD-based plasma sources,PlasmaSource,applied_in,,generation of light,PlasmaApplication,the generation of light,,,0.95,True,,paper_004:p0010
paper_004:r0116,,paper_004,Dielectric barrier discharges - progress on plasma sources and on the understanding of regimes and single filaments,10.1088/1361-6595/aa6426,,DBD-based plasma sources,PlasmaSource,applied_in,,surface/object treatment,PlasmaApplication,surface/object treatment,,,0.95,True,,paper_004:p0010
paper_004:r0117,,paper_004,Dielectric barrier discharges - progress on plasma sources and on the understanding of regimes and single filaments,10.1088/1361-6595/aa6426,,DBD-based plasma sources,PlasmaSource,applied_in,,plasma medicine,PlasmaApplication,plasma medicine,,,0.95,True,,paper_004:p0010
paper_004:r0118,,paper_004,Dielectric barrier discharges - progress on plasma sources and on the understanding of regimes and single filaments,10.1088/1361-6595/aa6426,,DBD-based plasma sources,PlasmaSource,applied_in,,decontamination,PlasmaApplication,decontamination,,,0.95,True,,paper_004:p0010
paper_004:r0119,,paper_004,Dielectric barrier discharges - progress on plasma sources and on the understanding of regimes and single filaments,10.1088/1361-6595/aa6426,,DBD-based plasma sources,PlasmaSource,applied_in,,liquid treatment,PlasmaApplication,liquid treatment,,,0.95,True,,paper_004:p0010
paper_004:r0120,,paper_004,Dielectric barrier discharges - progress on plasma sources and on the understanding of regimes and single filaments,10.1088/1361-6595/aa6426,,high voltage power supplies,PowerSupply,related_to,,DBD-based plasma sources,PlasmaSource,development of desired high voltage power supplies,,,0.85,True,,paper_004:p0010
paper_004:r0121,,paper_004,Dielectric barrier discharges - progress on plasma sources and on the understanding of regimes and single filaments,10.1088/1361-6595/aa6426,,DBD-reactors,PlasmaSource,uses,,coaxial electrode arrangement,ElectrodeConfiguration,"classical reactors for gas treatment (e.g. ozone generation from oxygen or air, pollutant degradation, synthesis) are cylindrical devices as coaxial electrode arrangement",,,0.95,True,,paper_004:p0011
paper_004:r0122,,paper_004,Dielectric barrier discharges - progress on plasma sources and on the understanding of regimes and single filaments,10.1088/1361-6595/aa6426,,insulating materials,ElectrodeMaterial,used as,,outer electrode,ElectrodeConfiguration,Tubes of insulating materials are used either as the outer electrode,,,0.9,True,,paper_004:p0011
paper_004:r0123,,paper_004,Dielectric barrier discharges - progress on plasma sources and on the understanding of regimes and single filaments,10.1088/1361-6595/aa6426,,metallic film,ElectrodeMaterial,used as,,inner electrode,ElectrodeConfiguration,metallic film deposited or pasted on the inner/outer dielectric tube wall as the inner/outer electrode,,,0.9,True,,paper_004:p0011
paper_004:r0124,,paper_004,Dielectric barrier discharges - progress on plasma sources and on the understanding of regimes and single filaments,10.1088/1361-6595/aa6426,,laboratory reactors,DiagnosticDevice,uses,,metal meshes,ElectrodeMaterial,laboratory reactors metal meshes are often used,,,0.85,True,,paper_004:p0011
paper_004:r0125,,paper_004,Dielectric barrier discharges - progress on plasma sources and on the understanding of regimes and single filaments,10.1088/1361-6595/aa6426,,Large scale reactors,DiagnosticDevice,consists of,,DBD tubes,PlasmaSource,"Large scale reactors, e.g. ozone generators, consists of several DBD tubes mounted in a generator tank",,,0.9,True,,paper_004:p0011
paper_004:r0126,,paper_004,Dielectric barrier discharges - progress on plasma sources and on the understanding of regimes and single filaments,10.1088/1361-6595/aa6426,,inner electrode,ElectrodeConfiguration,coated with,,enamel,ElectrodeMaterial,the inner electrode is coated with enamel,,,0.9,True,,paper_004:p0011
paper_004:r0127,,paper_004,Dielectric barrier discharges - progress on plasma sources and on the understanding of regimes and single filaments,10.1088/1361-6595/aa6426,,Electrode arrangement,ElectrodeConfiguration,enables,,cooling,PhysicalEffect,The electrode arrangement also enables the cooling of the discharge tube,,,0.85,True,,paper_004:p0011
paper_004:r0128,,paper_004,Dielectric barrier discharges - progress on plasma sources and on the understanding of regimes and single filaments,10.1088/1361-6595/aa6426,,packed bed reactors,DiagnosticDevice,uses,,pellets,Species,pellets or spheres made of dielectric or ferroelectric material are filling the space between the electrodes,,,0.9,True,,paper_004:p0011
paper_004:r0129,,paper_004,Dielectric barrier discharges - progress on plasma sources and on the understanding of regimes and single filaments,10.1088/1361-6595/aa6426,,polarization,PhysicalEffect,generates,,high electrical fields,PhysicalQuantity,The polarization of the pellet material generates regions with high electrical fields,,,0.9,True,,paper_004:p0011
paper_004:r0130,,paper_004,Dielectric barrier discharges - progress on plasma sources and on the understanding of regimes and single filaments,10.1088/1361-6595/aa6426,,field refraction,PhysicalQuantity,depends on,,porosity,PhysicalQuantity,"The field refraction and enhancement at the pellets depends on their shape, porosity, and the permittivity of the filling material",,,0.85,True,,paper_004:p0011
paper_004:r0131,,paper_004,Dielectric barrier discharges - progress on plasma sources and on the understanding of regimes and single filaments,10.1088/1361-6595/aa6426,,Porous ceramic foams,ElectrodeMaterial,used instead of,,pellets beds,DischargeRegime,Porous ceramic foams can also be used instead of pellets beds,,,0.85,True,,paper_004:p0011
paper_004:r0132,,paper_004,Dielectric barrier discharges - progress on plasma sources and on the understanding of regimes and single filaments,10.1088/1361-6595/aa6426,,filling material,ElectrodeMaterial,has,,catalytic properties,PlasmaApplication,the filling material can have catalytic properties or can be prepared to have a catalytic surface,,,0.85,True,,paper_004:p0011
paper_004:r0133,,paper_004,Dielectric barrier discharges - progress on plasma sources and on the understanding of regimes and single filaments,10.1088/1361-6595/aa6426,,stacked volume DBD reactor,DiagnosticDevice,uses,,dielectric plates,ElectrodeMaterial,stack of dielectric plates and electrodes at alternating potential,,,0.9,True,,paper_004:p0011
paper_004:r0134,,paper_004,Dielectric barrier discharges - progress on plasma sources and on the understanding of regimes and single filaments,10.1088/1361-6595/aa6426,,stacked volume DBD reactor,DiagnosticDevice,uses,,alternating potential,PowerSupply,electrodes at alternating potential,,,0.9,True,,paper_004:p0011
paper_004:r0135,,paper_004,Dielectric barrier discharges - progress on plasma sources and on the understanding of regimes and single filaments,10.1088/1361-6595/aa6426,,additional electrode,ElectrodeConfiguration,expels,,ionic wind,PhysicalEffect,With an additional electrode an ionic wind can be expelled from the plasma,,,0.85,True,,paper_004:p0011
paper_004:r0136,,paper_004,Dielectric barrier discharges - progress on plasma sources and on the understanding of regimes and single filaments,10.1088/1361-6595/aa6426,,ionic wind,PhysicalEffect,similar to,,electrostatic precipitators,PlasmaApplication,similar as in electrostatic precipitators,,,0.85,True,,paper_004:p0011
paper_004:r0137,,paper_004,Dielectric barrier discharges - progress on plasma sources and on the understanding of regimes and single filaments,10.1088/1361-6595/aa6426,,surface DBD,ElectrodeConfiguration,has,,no significant back pressure,PhysicalEffect,These arrangements do not increase the back pressure significantly,,,0.85,True,,paper_004:p0011
paper_004:r0138,,paper_004,Dielectric barrier discharges - progress on plasma sources and on the understanding of regimes and single filaments,10.1088/1361-6595/aa6426,,stacked volume DBD reactor,DiagnosticDevice,used for,,exhaust gas treatment,PlasmaApplication,used for the treatment of exhaust gases,,,0.85,True,,paper_004:p0011
paper_004:r0139,,paper_004,Dielectric barrier discharges - progress on plasma sources and on the understanding of regimes and single filaments,10.1088/1361-6595/aa6426,,two insulator coated metal plates,ElectrodeConfiguration,used in,,figure 4(f),DiagnosticDevice,arrangement in figure 4(f) is based on a two insulator coated metal plates,,,0.85,True,,paper_004:p0011
paper_004:r0140,,paper_004,Dielectric barrier discharges - progress on plasma sources and on the understanding of regimes and single filaments,10.1088/1361-6595/aa6426,,microplasma array,PlasmaSource,has,,200 μm wide holes,PhysicalQuantity,sandwich of at least two plates with about 200 μm wide holes,,,0.85,True,,paper_004:p0011
paper_004:r0141,,paper_004,Dielectric barrier discharges - progress on plasma sources and on the understanding of regimes and single filaments,10.1088/1361-6595/aa6426,,gas flow,PlasmaMedium,penetrates,,microplasma array,PlasmaSource,gas flow can be penetrated by the gas flow,,,0.85,True,,paper_004:p0011
paper_004:r0142,,paper_004,Dielectric barrier discharges - progress on plasma sources and on the understanding of regimes and single filaments,10.1088/1361-6595/aa6426,,dielectric embedding,ElectrodeConfiguration,prevents,,oxidation,PhysicalEffect,oxidation of metallic electrodes is not limiting the lifetime,,,0.85,True,,paper_004:p0011
paper_004:r0143,,paper_004,Dielectric barrier discharges - progress on plasma sources and on the understanding of regimes and single filaments,10.1088/1361-6595/aa6426,,microplasma array,PlasmaSource,has,,higher back pressure,PhysicalEffect,Disadvantages are the higher back pressure,,,0.85,True,,paper_004:p0011
paper_004:r0144,,paper_004,Dielectric barrier discharges - progress on plasma sources and on the understanding of regimes and single filaments,10.1088/1361-6595/aa6426,,microplasma array,PlasmaSource,has,,short retention time,PhysicalEffect,short retention time of gas particles in the active plasma region,,,0.85,True,,paper_004:p0011
paper_004:r0145,,paper_004,Dielectric barrier discharges - progress on plasma sources and on the understanding of regimes and single filaments,10.1088/1361-6595/aa6426,,rotating sacrificial electrode,ElectrodeConfiguration,used in,,inert gas purification,PlasmaApplication,setup for the purification of inert gases using a DBD plasma together with a rotating sacrificial electrode,,,0.85,True,,paper_004:p0011
paper_004:r0146,,paper_004,Dielectric barrier discharges - progress on plasma sources and on the understanding of regimes and single filaments,10.1088/1361-6595/aa6426,,plasma-driven chemisorption,PhysicalEffect,occurs on,,sacrificial electrode,ElectrodeConfiguration,plasma-driven chemisorption on the sacrificial metal electrode,,,0.85,True,,paper_004:p0011
paper_004:r0147,,paper_004,Dielectric barrier discharges - progress on plasma sources and on the understanding of regimes and single filaments,10.1088/1361-6595/aa6426,,oxygen impurities,Species,removed by,,chemisorption,PhysicalEffect,oxygen impurities could be removed-similar as in gettering processes-by plasma-driven chemisorption,,,0.85,True,,paper_004:p0011
paper_004:r0148,,paper_004,Dielectric barrier discharges - progress on plasma sources and on the understanding of regimes and single filaments,10.1088/1361-6595/aa6426,,surface properties,PlasmaProperties,change,,plasma,PlasmaSource,As surface properties change the plasma the electrode is under rotation during operation,,,0.85,True,,paper_004:p0011
paper_004:r0149,,paper_004,Dielectric barrier discharges - progress on plasma sources and on the understanding of regimes and single filaments,10.1088/1361-6595/aa6426,,DBDs,PlasmaSource,used_for,,Light generation,PlasmaApplication,Light generation with DBDs,,,1.0,True,,paper_004:p0012
paper_004:r0150,,paper_004,Dielectric barrier discharges - progress on plasma sources and on the understanding of regimes and single filaments,10.1088/1361-6595/aa6426,,gas mixtures,PlasmaMedium,sealed_in,,vessel,DiagnosticDevice,gas mixtures sealed in silica glass vessels,,,1.0,True,,paper_004:p0012
paper_004:r0151,,paper_004,Dielectric barrier discharges - progress on plasma sources and on the understanding of regimes and single filaments,10.1088/1361-6595/aa6426,,gas mixture,PlasmaMedium,contains,,buffer gas,PlasmaMedium,gas mixture usually contains a buffer gas,,,1.0,True,,paper_004:p0012
paper_004:r0152,,paper_004,Dielectric barrier discharges - progress on plasma sources and on the understanding of regimes and single filaments,10.1088/1361-6595/aa6426,,vessel,DiagnosticDevice,serves_as,,barrier,ElectrodeMaterial,vessel glass also serves as the barrier,,,1.0,True,,paper_004:p0012
paper_004:r0153,,paper_004,Dielectric barrier discharges - progress on plasma sources and on the understanding of regimes and single filaments,10.1088/1361-6595/aa6426,,VUV radiation,PhysicalEffect,excites,,phosphors,DiagnosticDevice,VUV radiation... is used to excite phosphors,,,1.0,True,,paper_004:p0012
paper_004:r0154,,paper_004,Dielectric barrier discharges - progress on plasma sources and on the understanding of regimes and single filaments,10.1088/1361-6595/aa6426,,phosphors,DiagnosticDevice,coated_on,,vessel,DiagnosticDevice,phosphors coated on the interior surface of the vessel,,,1.0,True,,paper_004:p0012
paper_004:r0155,,paper_004,Dielectric barrier discharges - progress on plasma sources and on the understanding of regimes and single filaments,10.1088/1361-6595/aa6426,,Flat light panels,PlasmaApplication,constructed_with,,coplanar electrodes,ElectrodeConfiguration,Flat light panels can also be constructed with coplanar electrodes,,,1.0,True,,paper_004:p0012
paper_004:r0156,,paper_004,Dielectric barrier discharges - progress on plasma sources and on the understanding of regimes and single filaments,10.1088/1361-6595/aa6426,,Microplasma,PlasmaSource,considered_as,,novel,Modelling,Microplasma arrays... are also considered as novel light sources,,,1.0,True,,paper_004:p0012
paper_004:r0157,,paper_004,Dielectric barrier discharges - progress on plasma sources and on the understanding of regimes and single filaments,10.1088/1361-6595/aa6426,,thick film,Experiment,manufactured_by,,thick film printing,Modelling,manufactured by means of thick film printing,,,1.0,True,,paper_004:p0012
paper_004:r0158,,paper_004,Dielectric barrier discharges - progress on plasma sources and on the understanding of regimes and single filaments,10.1088/1361-6595/aa6426,,commercial plasma display panels,PlasmaApplication,consists_of,,DBD,PlasmaSource,each cell consists of a microscopic DBD,,,1.0,True,,paper_004:p0012
paper_004:r0159,,paper_004,Dielectric barrier discharges - progress on plasma sources and on the understanding of regimes and single filaments,10.1088/1361-6595/aa6426,,VUV radiation,PhysicalEffect,generated_by,,DBD,PlasmaSource,VUV radiation of the generated rare gas DBD plasma,,,1.0,True,,paper_004:p0012
paper_004:r0160,,paper_004,Dielectric barrier discharges - progress on plasma sources and on the understanding of regimes and single filaments,10.1088/1361-6595/aa6426,,gas mixture,PlasmaMedium,contains,,noble gases,PlasmaMedium,mixture of noble gases,,,1.0,True,,paper_004:p0012
paper_004:r0161,,paper_004,Dielectric barrier discharges - progress on plasma sources and on the understanding of regimes and single filaments,10.1088/1361-6595/aa6426,,ignition,PhysicalQuantity,has_property,,low,PowerSupply,low ignition voltage,,,1.0,True,,paper_004:p0012
paper_004:r0162,,paper_004,Dielectric barrier discharges - progress on plasma sources and on the understanding of regimes and single filaments,10.1088/1361-6595/aa6426,,dimension,PhysicalQuantity,has_unit,,mm,Unit,dimension of about 0.1 mm × 0.1 mm,,,1.0,True,,paper_004:p0012
paper_004:r0163,,paper_004,Dielectric barrier discharges - progress on plasma sources and on the understanding of regimes and single filaments,10.1088/1361-6595/aa6426,,excimer lamps,PlasmaApplication,emits,,UV,PowerSupply,UV or VUV-photons emitted from the plasma,,,1.0,True,,paper_004:p0012
paper_004:r0164,,paper_004,Dielectric barrier discharges - progress on plasma sources and on the understanding of regimes and single filaments,10.1088/1361-6595/aa6426,,Light generation,PlasmaApplication,uses,,light sources,DiagnosticDevice,light sources and on the way of commercialization,,,1.0,True,,paper_004:p0012
paper_004:r0165,,paper_004,Dielectric barrier discharges - progress on plasma sources and on the understanding of regimes and single filaments,10.1088/1361-6595/aa6426,,Planar light panels,PlasmaApplication,realized_as,,Flat light panels,PlasmaApplication,Planar light panels (figure 5 been realized,,,1.0,True,,paper_004:p0012
paper_004:r0166,,paper_004,Dielectric barrier discharges - progress on plasma sources and on the understanding of regimes and single filaments,10.1088/1361-6595/aa6426,,DBD,PlasmaSource,applies_to,,Surface treatment,PlasmaApplication,The most important DBD application in surface treatment today,,,0.95,True,,paper_004:p0013
paper_004:r0167,,paper_004,Dielectric barrier discharges - progress on plasma sources and on the understanding of regimes and single filaments,10.1088/1361-6595/aa6426,,DBD,PlasmaSource,enables,,deposition,PlasmaApplication,The deposition or functionalisation of surfaces is also possible,,,0.9,True,,paper_004:p0013
paper_004:r0168,,paper_004,Dielectric barrier discharges - progress on plasma sources and on the understanding of regimes and single filaments,10.1088/1361-6595/aa6426,,dielectric covered electrode,ElectrodeConfiguration,composed_of,,dielectric layer,PlasmaMedium,formed between a dielectric covered electrode ... and the surface,,,0.95,True,,paper_004:p0013
paper_004:r0169,,paper_004,Dielectric barrier discharges - progress on plasma sources and on the understanding of regimes and single filaments,10.1088/1361-6595/aa6426,,rotating drum,DiagnosticDevice,covered_with,,dielectric layer,PlasmaMedium,The rotating drum can also be covered with a dielectric layer,,,0.85,True,,paper_004:p0013
paper_004:r0170,,paper_004,Dielectric barrier discharges - progress on plasma sources and on the understanding of regimes and single filaments,10.1088/1361-6595/aa6426,,Speeds,PhysicalQuantity,has_unit,,m s-1,Unit,Speeds of up to 10 m s-1 are reached,,,0.9,True,,paper_004:p0013
paper_004:r0171,,paper_004,Dielectric barrier discharges - progress on plasma sources and on the understanding of regimes and single filaments,10.1088/1361-6595/aa6426,,cascaded DBD,PlasmaSource,generates,,UV emission,PhysicalEffect,plasma-generated (V)UV radiation and reactive species,,,0.9,True,,paper_004:p0013
paper_004:r0172,,paper_004,Dielectric barrier discharges - progress on plasma sources and on the understanding of regimes and single filaments,10.1088/1361-6595/aa6426,,diffuse coplanar surface barrier discharge,DischargeRegime,produces,,uniform plasma,PlasmaProperties,more uniform plasma treatment without pinholing,,,0.85,True,,paper_004:p0013
paper_004:r0173,,paper_004,Dielectric barrier discharges - progress on plasma sources and on the understanding of regimes and single filaments,10.1088/1361-6595/aa6426,,dielectric,PlasmaMedium,forms,,cavities,PhysicalQuantity,dielectric is patterned to form cavities,,,0.8,True,,paper_004:p0013
paper_004:r0174,,paper_004,Dielectric barrier discharges - progress on plasma sources and on the understanding of regimes and single filaments,10.1088/1361-6595/aa6426,,plasma label,DiagnosticDevice,used_for,,local application of surface DBD,PlasmaApplication,electrode arrangement is contained in a label ... 'plasma label',,,0.9,True,,paper_004:p0013
paper_004:r0175,,paper_004,Dielectric barrier discharges - progress on plasma sources and on the understanding of regimes and single filaments,10.1088/1361-6595/aa6426,,hand-held device,DiagnosticDevice,applies_to,,surface,Experiment,allows to bring the plasma in closed proximity to the surface,,,0.85,True,,paper_004:p0013
paper_004:r0176,,paper_004,Dielectric barrier discharges - progress on plasma sources and on the understanding of regimes and single filaments,10.1088/1361-6595/aa6426,,gas,PlasmaMedium,affects,,plasma composition,PhysicalQuantity,gas flow can influence the composition of the plasma,,,0.8,True,,paper_004:p0013
paper_004:r0177,,paper_004,Dielectric barrier discharges - progress on plasma sources and on the understanding of regimes and single filaments,10.1088/1361-6595/aa6426,,hybrid laser-plasma method,PlasmaApplication,combines,,laser,PlasmaSource,combines an laser with DBD-based plasma jet,,,0.9,True,,paper_004:p0013
paper_004:r0178,,paper_004,Dielectric barrier discharges - progress on plasma sources and on the understanding of regimes and single filaments,10.1088/1361-6595/aa6426,,DBD,PlasmaSource,acts_as,,thermal lens,PhysicalEffect,DBD was found to act as a thermal lens for the laser beam,,,0.85,True,,paper_004:p0013
paper_004:r0179,,paper_004,Dielectric barrier discharges - progress on plasma sources and on the understanding of regimes and single filaments,10.1088/1361-6595/aa6426,,DBDs,PlasmaSource,used_for,,plasma medicine,PlasmaApplication,DBDs for plasma medicine and decontamination,,,0.95,True,,paper_004:p0014
paper_004:r0180,,paper_004,Dielectric barrier discharges - progress on plasma sources and on the understanding of regimes and single filaments,10.1088/1361-6595/aa6426,,cascaded DBD,PlasmaSource,used_for,,biological decontamination of surfaces,PlasmaApplication,the cascaded DBD...has also been mainly considered for such applications,,,0.9,True,,paper_004:p0014
paper_004:r0181,,paper_004,Dielectric barrier discharges - progress on plasma sources and on the understanding of regimes and single filaments,10.1088/1361-6595/aa6426,,commercial device,PlasmaSource,used_for,,cleaning and sterilization of liquid transfer devices,PlasmaApplication,A commercial device for the cleaning and sterilization of liquid transfer devices,,,0.95,True,,paper_004:p0014
paper_004:r0182,,paper_004,Dielectric barrier discharges - progress on plasma sources and on the understanding of regimes and single filaments,10.1088/1361-6595/aa6426,,metallic cutting tool,ElectrodeMaterial,is,,grounded electrode,ElectrodeConfiguration,The metallic cutting tool acts as grounded electrode,,,0.9,True,,paper_004:p0014
paper_004:r0183,,paper_004,Dielectric barrier discharges - progress on plasma sources and on the understanding of regimes and single filaments,10.1088/1361-6595/aa6426,,high voltage amplitude,PhysicalQuantity,has_unit,,kV rms,Unit,High voltage amplitude between 50 and 70 kV rms is required,,,0.95,True,,paper_004:p0014
paper_004:r0184,,paper_004,Dielectric barrier discharges - progress on plasma sources and on the understanding of regimes and single filaments,10.1088/1361-6595/aa6426,,floating electrode DBDs,PlasmaSource,used_for,,treatment of animals and humans,PlasmaApplication,One of the first DBD devices used for the treatment of animals and humans,,,0.9,True,,paper_004:p0014
paper_004:r0185,,paper_004,Dielectric barrier discharges - progress on plasma sources and on the understanding of regimes and single filaments,10.1088/1361-6595/aa6426,,treated object,PlasmaTarget,is,,grounded electrode,ElectrodeConfiguration,The treated object itself serves as the grounded electrode,,,0.9,True,,paper_004:p0014
paper_004:r0186,,paper_004,Dielectric barrier discharges - progress on plasma sources and on the understanding of regimes and single filaments,10.1088/1361-6595/aa6426,,plasma,Species,applied_to,,skin,PlasmaTarget,The flexible surface DBD plasma strip is able to quickly inactivate significant numbers of bacteria on and in skin,,,0.9,True,,paper_004:p0014
paper_004:r0187,,paper_004,Dielectric barrier discharges - progress on plasma sources and on the understanding of regimes and single filaments,10.1088/1361-6595/aa6426,,fabric-type electrode,ElectrodeConfiguration,used_for,,sticking plaster device,PlasmaApplication,Such arrangements can even be constructed as a sticking plaster device,,,0.85,True,,paper_004:p0014
paper_004:r0188,,paper_004,Dielectric barrier discharges - progress on plasma sources and on the understanding of regimes and single filaments,10.1088/1361-6595/aa6426,,bifilar helix electrode configuration,ElectrodeConfiguration,used_for,,inner treatment of long flexible tubes,PlasmaApplication,a bifilar helix electrode configuration enables plasma operation in tubes,,,0.9,True,,paper_004:p0014
paper_004:r0189,,paper_004,Dielectric barrier discharges - progress on plasma sources and on the understanding of regimes and single filaments,10.1088/1361-6595/aa6426,,Treatment of liquids,Modelling,involves,,DBD-based concepts,Modelling,Some DBD-based concepts for the treatment of liquids by DBDs are schematically shown in figure 8.,,,0.95,True,,paper_004:p0015
paper_004:r0190,,paper_004,Dielectric barrier discharges - progress on plasma sources and on the understanding of regimes and single filaments,10.1088/1361-6595/aa6426,,DBDs,PlasmaSource,has_property,,low power density,PlasmaProperties,They offer low power density plasma generation compared to pulsed corona discharges.,,,0.9,True,,paper_004:p0015
paper_004:r0191,,paper_004,Dielectric barrier discharges - progress on plasma sources and on the understanding of regimes and single filaments,10.1088/1361-6595/aa6426,,surface DBD device,DiagnosticDevice,applies_to,,indirect treatment of water,PlasmaApplication,Figure 8(a) shows a surface DBD device for the indirect treatment of water.,,,0.95,True,,paper_004:p0015
paper_004:r0192,,paper_004,Dielectric barrier discharges - progress on plasma sources and on the understanding of regimes and single filaments,10.1088/1361-6595/aa6426,,plasma,PlasmaSource,causes,,acidification,PhysicalEffect,"the arrangement leads to significant effects, e.g. acidification, or formation of reactive nitrogen and oxygen species.",,,0.85,True,,paper_004:p0015
paper_004:r0193,,paper_004,Dielectric barrier discharges - progress on plasma sources and on the understanding of regimes and single filaments,10.1088/1361-6595/aa6426,,liquid,ElectrodeMaterial,serves_as,,active electrode,ElectrodeConfiguration,Many liquids are conductive and can be used as an active electrode for the plasma generation.,,,0.9,True,,paper_004:p0015
paper_004:r0194,,paper_004,Dielectric barrier discharges - progress on plasma sources and on the understanding of regimes and single filaments,10.1088/1361-6595/aa6426,,grounded electrode,ElectrodeConfiguration,used_in,,water falling film reactor,PlasmaApplication,The liquid is covering the grounded electrode to avoid its charging.,,,0.9,True,,paper_004:p0015
paper_004:r0195,,paper_004,Dielectric barrier discharges - progress on plasma sources and on the understanding of regimes and single filaments,10.1088/1361-6595/aa6426,,rotating drum reactor,PlasmaApplication,involves,,bacterial suspension,ElectrodeMaterial,"A homogeneous, thin film of bacterial suspension is produced on the rotatable hollow cylinder made of metal and treated by the plasma.",,,0.85,True,,paper_004:p0015
paper_004:r0196,,paper_004,Dielectric barrier discharges - progress on plasma sources and on the understanding of regimes and single filaments,10.1088/1361-6595/aa6426,,DBD-liquid electrode setup,DiagnosticDevice,applies_to,,aqueous analysis,PlasmaApplication,The DBD-liquid electrode setup in figure 8(e) was developed for aqueous analysis with low sample volumes.,,,0.9,True,,paper_004:p0015
paper_004:r0197,,paper_004,Dielectric barrier discharges - progress on plasma sources and on the understanding of regimes and single filaments,10.1088/1361-6595/aa6426,,plasma,PlasmaSource,targets,,water,PlasmaTarget,Figure 8(a) shows a surface DBD device for the indirect treatment of water.,,,0.95,True,,paper_004:p0015
paper_004:r0198,,paper_004,Dielectric barrier discharges - progress on plasma sources and on the understanding of regimes and single filaments,10.1088/1361-6595/aa6426,,plasma,PlasmaSource,generates,,reactive nitrogen species,Species,"the arrangement leads to significant effects, e.g. acidification, or formation of reactive nitrogen and oxygen species.",,,0.85,True,,paper_004:p0015
paper_004:r0199,,paper_004,Dielectric barrier discharges - progress on plasma sources and on the understanding of regimes and single filaments,10.1088/1361-6595/aa6426,,industrial DBD installations,PlasmaApplication,related_to,,high voltage power supplies,PowerSupply,improvement of industrial DBD installations... progress in the field of high voltage power supplies,,,0.9,True,,paper_004:p0016
paper_004:r0200,,paper_004,Dielectric barrier discharges - progress on plasma sources and on the understanding of regimes and single filaments,10.1088/1361-6595/aa6426,,AC high voltage power supplies,PowerSupply,has_property,,sinusoidal,PlasmaProperties,"AC high voltage power supplies, in particular sinusoidal, are still the most common in industry",,,0.85,True,,paper_004:p0016
paper_004:r0201,,paper_004,Dielectric barrier discharges - progress on plasma sources and on the understanding of regimes and single filaments,10.1088/1361-6595/aa6426,,surface processing,PlasmaApplication,uses,,variablefrequency drives,PowerSupply,State-of-the-art in surface processing is the use of variablefrequency drives...,,,0.9,True,,paper_004:p0016
paper_004:r0202,,paper_004,Dielectric barrier discharges - progress on plasma sources and on the understanding of regimes and single filaments,10.1088/1361-6595/aa6426,,surface processing,PlasmaApplication,uses,,high voltage transformers,DiagnosticDevice,State-of-the-art in surface processing is the use of variablefrequency drives in connection with high voltage transformers,,,0.9,True,,paper_004:p0016
paper_004:r0203,,paper_004,Dielectric barrier discharges - progress on plasma sources and on the understanding of regimes and single filaments,10.1088/1361-6595/aa6426,,microcomputer-controlled power supplies,PowerSupply,controls,,operation frequency,PhysicalQuantity,automatically adjust its operation frequency to the resonance point,,,0.95,True,,paper_004:p0016
paper_004:r0204,,paper_004,Dielectric barrier discharges - progress on plasma sources and on the understanding of regimes and single filaments,10.1088/1361-6595/aa6426,,Special power supplies,PowerSupply,generates,,repetitive pulse trains,PowerSupply,Special power supplies have been developed to generate repetitive pulse trains,,,0.85,True,,paper_004:p0016
paper_004:r0205,,paper_004,Dielectric barrier discharges - progress on plasma sources and on the understanding of regimes and single filaments,10.1088/1361-6595/aa6426,,solid-state devices,DiagnosticDevice,eliminates,,bulky high-voltage transformers,DiagnosticDevice,solid-state devices that can eliminate bulky high-voltage transformers,,,0.8,True,,paper_004:p0016
paper_004:r0206,,paper_004,Dielectric barrier discharges - progress on plasma sources and on the understanding of regimes and single filaments,10.1088/1361-6595/aa6426,,Pulsed power supplies,PowerSupply,used_in,,ozone synthesis,PlasmaApplication,"Pulsed power supplies... investigated and developed, in particular for ozone synthesis",,,0.85,True,,paper_004:p0016
paper_004:r0207,,paper_004,Dielectric barrier discharges - progress on plasma sources and on the understanding of regimes and single filaments,10.1088/1361-6595/aa6426,,power electronic pulse inverter,PowerSupply,used_in,,DBDbased lamps,PlasmaSource,classification of... power electronic pulse inverter topologies for driving DBDbased lamps,,,0.8,True,,paper_004:p0016
paper_004:r0208,,paper_004,Dielectric barrier discharges - progress on plasma sources and on the understanding of regimes and single filaments,10.1088/1361-6595/aa6426,,Silicon carbide power semiconductors,PowerSupply,used_in,,transformer-less topologies,DiagnosticDevice,Silicon carbide power semiconductors were implemented in transformer-less topologies,,,0.85,True,,paper_004:p0016
paper_004:r0209,,paper_004,Dielectric barrier discharges - progress on plasma sources and on the understanding of regimes and single filaments,10.1088/1361-6595/aa6426,,piezo-transformer based,DischargeRegime,related_to,,DBD sources,PlasmaSource,piezo-transformer based DBD sources have already been mentioned,,,0.75,True,,paper_004:p0016
paper_004:r0210,,paper_004,Dielectric barrier discharges - progress on plasma sources and on the understanding of regimes and single filaments,10.1088/1361-6595/aa6426,,laser diagnostics,DiagnosticDevice,used_for,,determination of active species densities,PhysicalQuantity,laser diagnostics for the determination of active species densities,,,0.9,True,,paper_004:p0017
paper_004:r0211,,paper_004,Dielectric barrier discharges - progress on plasma sources and on the understanding of regimes and single filaments,10.1088/1361-6595/aa6426,,laser diagnostics,DiagnosticDevice,used_for,,quantitative measurement of surface charges,PhysicalQuantity,laser diagnostics for the determination of active species densities and for the quantitative measurement of surface charges,,,0.9,True,,paper_004:p0017
paper_004:r0212,,paper_004,Dielectric barrier discharges - progress on plasma sources and on the understanding of regimes and single filaments,10.1088/1361-6595/aa6426,,optical emission spectroscopy,Experiment,used_for,,determination of basic plasma parameters,PhysicalQuantity,"Basic plasma parameters (reduced electric field strength, electron density) has been determined by emission based methods",,,0.9,True,,paper_004:p0017
paper_004:r0213,,paper_004,Dielectric barrier discharges - progress on plasma sources and on the understanding of regimes and single filaments,10.1088/1361-6595/aa6426,,laser-induced fluorescence,DiagnosticDevice,used_for,,study of metastable molecules,Species,the study of the development of key species like metastable molecules,,,0.9,True,,paper_004:p0017
paper_004:r0214,,paper_004,Dielectric barrier discharges - progress on plasma sources and on the understanding of regimes and single filaments,10.1088/1361-6595/aa6426,,molecular beam mass spectrometry,DiagnosticDevice,used_for,,detection of positive ions,Species,Molecular beam mass spectrometry enables the in situ detection of negative and positive ions,,,0.9,True,,paper_004:p0017
paper_004:r0215,,paper_004,Dielectric barrier discharges - progress on plasma sources and on the understanding of regimes and single filaments,10.1088/1361-6595/aa6426,,molecular beam mass spectrometry,DiagnosticDevice,used_for,,detection of negative ions,Species,Molecular beam mass spectrometry enables the in situ detection of negative and positive ions,,,0.9,True,,paper_004:p0017
paper_004:r0216,,paper_004,Dielectric barrier discharges - progress on plasma sources and on the understanding of regimes and single filaments,10.1088/1361-6595/aa6426,,electro-optic Pockels-effect,DiagnosticDevice,used_for,,investigation of surface charges,PhysicalQuantity,The behavior and amount of charge carrier on the dielectric barriers can be investigated by the electro-optic Pockels-effect,,,0.9,True,,paper_004:p0017
paper_004:r0217,,paper_004,Dielectric barrier discharges - progress on plasma sources and on the understanding of regimes and single filaments,10.1088/1361-6595/aa6426,,two-photon absorption laser-induced fluorescence,DiagnosticDevice,used_for,,study of nitrogen atoms,Species,"the study of the development of key species like metastable molecules, nitrogen atoms or radicals",,,0.9,True,,paper_004:p0017
paper_004:r0218,,paper_004,Dielectric barrier discharges - progress on plasma sources and on the understanding of regimes and single filaments,10.1088/1361-6595/aa6426,,two-photon absorption laser-induced fluorescence,DiagnosticDevice,used_for,,study of radicals,Species,"the study of the development of key species like metastable molecules, nitrogen atoms or radicals",,,0.9,True,,paper_004:p0017
paper_004:r0219,,paper_004,Dielectric barrier discharges - progress on plasma sources and on the understanding of regimes and single filaments,10.1088/1361-6595/aa6426,,broad-band absorption spectroscopy,Experiment,used_for,,study of metastable molecules,Species,"the time resolution and high sensitivity of laser induced fluorescence, two-photon absorption laser-induced fluorescence or broad-band absorption spectroscopy allows the study of the development of key species like metastable molecules",,,0.9,True,,paper_004:p0017
paper_004:r0220,,paper_004,Dielectric barrier discharges - progress on plasma sources and on the understanding of regimes and single filaments,10.1088/1361-6595/aa6426,,DBDs,PlasmaSource,has_property,,atmospheric pressure,PlasmaProperties,the growing technological interest on atmospheric pressure plasmas in general,,,0.9,True,,paper_004:p0017
paper_004:r0221,,paper_004,Dielectric barrier discharges - progress on plasma sources and on the understanding of regimes and single filaments,10.1088/1361-6595/aa6426,,microdischarges,PlasmaSource,part_of,,filamentary DBDs,DischargeRegime,The investigation of single filament discharges,,,0.9,True,,paper_004:p0017
paper_004:r0222,,paper_004,Dielectric barrier discharges - progress on plasma sources and on the understanding of regimes and single filaments,10.1088/1361-6595/aa6426,,single filament discharges,DischargeRegime,part_of,,filamentary DBDs,DischargeRegime,The investigation of single filament discharges,,,0.9,True,,paper_004:p0017
paper_004:r0223,,paper_004,Dielectric barrier discharges - progress on plasma sources and on the understanding of regimes and single filaments,10.1088/1361-6595/aa6426,,fluid models,Modelling,used_for,,calculation of average electron energy,PhysicalQuantity,the calculation of the average electron energy with an energy balance equation in the fluid model,,,0.9,True,,paper_004:p0017
paper_004:r0224,,paper_004,Dielectric barrier discharges - progress on plasma sources and on the understanding of regimes and single filaments,10.1088/1361-6595/aa6426,,computational power,Modelling,enabled_by,,modeling,Modelling,"the increase of computational power, but has been motivated by",,,0.9,True,,paper_004:p0017
paper_004:r0225,,paper_004,Dielectric barrier discharges - progress on plasma sources and on the understanding of regimes and single filaments,10.1088/1361-6595/aa6426,,electrical measurements,Experiment,used_for,,fit of discharge delay time,PhysicalQuantity,It is only applicable for very stable discharges. It must be noted that some electro-optic crystals have distinct differences from the classical dielectric barrier materials.,,,0.9,True,,paper_004:p0017
paper_004:r0226,,paper_004,Dielectric barrier discharges - progress on plasma sources and on the understanding of regimes and single filaments,10.1088/1361-6595/aa6426,,electro-optic crystals,ElectrodeMaterial,has_property,,higher dielectric constant,PhysicalQuantity,"The dielectric constant is considerable higher, the secondary electron emission coefficient is assumed to be smaller than for glass",,,0.9,True,,paper_004:p0017
paper_004:r0227,,paper_004,Dielectric barrier discharges - progress on plasma sources and on the understanding of regimes and single filaments,10.1088/1361-6595/aa6426,,bismuth silicon oxide crystals,ElectrodeMaterial,has_property,,photo-induced transport of charges,PhysicalEffect,photo-induced transport of charges on the minutes-scale has been obtained for bismuth silicon oxide crystals,,,0.9,True,,paper_004:p0017
paper_004:r0228,,paper_004,Dielectric barrier discharges - progress on plasma sources and on the understanding of regimes and single filaments,10.1088/1361-6595/aa6426,,DBDs,PlasmaSource,characterized_by,,electrical quantities,PhysicalQuantity,"characterize DBDs by overall electrical quantities, such as the frequency and amplitude of the applied voltage",,,0.95,True,,paper_004:p0018
paper_004:r0229,,paper_004,Dielectric barrier discharges - progress on plasma sources and on the understanding of regimes and single filaments,10.1088/1361-6595/aa6426,,Manley,DiagnosticDevice,introduced_for,,ozone generators,PlasmaApplication,introduced in 1943 by Manley for ozone generators,,,0.9,True,,paper_004:p0018
paper_004:r0230,,paper_004,Dielectric barrier discharges - progress on plasma sources and on the understanding of regimes and single filaments,10.1088/1361-6595/aa6426,,lumped-element equivalent electric circuit,Modelling,is_a,,simplest electrical approach,Modelling,The simplest electrical approach of a DBD is the lumped-element equivalent electric circuit,,,0.95,True,,paper_004:p0018
paper_004:r0231,,paper_004,Dielectric barrier discharges - progress on plasma sources and on the understanding of regimes and single filaments,10.1088/1361-6595/aa6426,,equivalent circuit,Modelling,includes,,capacitances,PhysicalQuantity,"consists of two capacitances, one is resembling the barrier C d and the other is the gas gap C g",,,0.9,True,,paper_004:p0018
paper_004:r0232,,paper_004,Dielectric barrier discharges - progress on plasma sources and on the understanding of regimes and single filaments,10.1088/1361-6595/aa6426,,voltage,PhysicalQuantity,triggers,,discharge ignition,PhysicalEffect,the inception of the discharge is obtained when the applied voltage magnitude V 0 exceeds the threshold V min,,,0.9,True,,paper_004:p0018
paper_004:r0233,,paper_004,Dielectric barrier discharges - progress on plasma sources and on the understanding of regimes and single filaments,10.1088/1361-6595/aa6426,,equivalent circuit,Modelling,includes,,resistor,PhysicalQuantity,parallel connection of a variable resistor R P (t) and gas gap capacitor C g,,,0.85,True,,paper_004:p0018
paper_004:r0234,,paper_004,Dielectric barrier discharges - progress on plasma sources and on the understanding of regimes and single filaments,10.1088/1361-6595/aa6426,,V-Q plot,Modelling,used_to_measure,,plasma energy,PlasmaProperties,"parameters C cell , C d , V min and U b as well as the total plasma energy per high voltage cycle E el",,,0.9,True,,paper_004:p0018
paper_004:r0235,,paper_004,Dielectric barrier discharges - progress on plasma sources and on the understanding of regimes and single filaments,10.1088/1361-6595/aa6426,,Paschen law,PhysicalEffect,determines,,reduced electric field strength,PhysicalQuantity,it enables the determination of the spatially and temporally averaged reduced electric field strength,,,0.8,True,,paper_004:p0018
paper_004:r0236,,paper_004,Dielectric barrier discharges - progress on plasma sources and on the understanding of regimes and single filaments,10.1088/1361-6595/aa6426,,V-Q plot,Modelling,can_be,,parallelogram,Modelling,When the plasma is ignited... the V-Q plot is a parallelogram,,,0.9,True,,paper_004:p0018
paper_004:r0237,,paper_004,Dielectric barrier discharges - progress on plasma sources and on the understanding of regimes and single filaments,10.1088/1361-6595/aa6426,,equivalent circuit,Modelling,includes,,stray capacitances,PhysicalQuantity,stray capacitances C Stray are caused by surrounding capacitances,,,0.8,True,,paper_004:p0018
paper_004:r0238,,paper_004,Dielectric barrier discharges - progress on plasma sources and on the understanding of regimes and single filaments,10.1088/1361-6595/aa6426,,surface DBDs,ElectrodeConfiguration,requires,,three barrier capacitances,PhysicalQuantity,"three barrier capacitances C d1 , C d2 , C d3 and two gas gap capacitances C g1 and C g2 must be considered",,,0.85,True,,paper_004:p0018
paper_004:r0239,,paper_004,Dielectric barrier discharges - progress on plasma sources and on the understanding of regimes and single filaments,10.1088/1361-6595/aa6426,,second positive system,Species,emits,,emission spectrum,PlasmaProperties,"the emission is dominated by molecular bands of nitrogen, namely the second positive system of molecular nitrogen",,,0.95,True,,paper_004:p0019
paper_004:r0240,,paper_004,Dielectric barrier discharges - progress on plasma sources and on the understanding of regimes and single filaments,10.1088/1361-6595/aa6426,,first negative system,Species,emits,,emission spectrum,PlasmaProperties,"the emission is dominated by molecular bands of nitrogen, namely the second positive system of molecular nitrogen and the first negative system of molecular nitrogen ions",,,0.95,True,,paper_004:p0019
paper_004:r0241,,paper_004,Dielectric barrier discharges - progress on plasma sources and on the understanding of regimes and single filaments,10.1088/1361-6595/aa6426,,cross-correlation spectroscopy,DiagnosticDevice,used_for,,temporal development,Experiment,the method used to obtain the temporal development is cross-correlation spectroscopy,,,0.9,True,,paper_004:p0019
paper_004:r0242,,paper_004,Dielectric barrier discharges - progress on plasma sources and on the understanding of regimes and single filaments,10.1088/1361-6595/aa6426,,vibrational 0-0 transitions,PhysicalEffect,related_to,,second positive system,Species,band heads of the vibrational 0-0 transitions of the second positive system,,,0.85,True,,paper_004:p0019
paper_004:r0243,,paper_004,Dielectric barrier discharges - progress on plasma sources and on the understanding of regimes and single filaments,10.1088/1361-6595/aa6426,,electric field strength E/N,PhysicalQuantity,calculated_from,,microdischarges,PlasmaSource,used to calculate the axially and radially resolved evolution of the reduced electric field strength E/N,,,0.8,True,,paper_004:p0019
paper_004:r0244,,paper_004,Dielectric barrier discharges - progress on plasma sources and on the understanding of regimes and single filaments,10.1088/1361-6595/aa6426,,sinusoidal voltage,PowerSupply,operates,,volume DBD,PlasmaSource,sinusoidal voltage operated volume DBD generated between two semi-spherical electrodes,,,0.9,True,,paper_004:p0019
paper_004:r0245,,paper_004,Dielectric barrier discharges - progress on plasma sources and on the understanding of regimes and single filaments,10.1088/1361-6595/aa6426,,semi-spherical electrodes,ElectrodeConfiguration,part_of,,volume DBD,PlasmaSource,generated between two semi-spherical electrodes in synthetic air,,,0.9,True,,paper_004:p0019
paper_004:r0246,,paper_004,Dielectric barrier discharges - progress on plasma sources and on the understanding of regimes and single filaments,10.1088/1361-6595/aa6426,,nitrogen,ElectrodeMaterial,present_in,,synthetic air,PlasmaMedium,volume DBD in synthetic air,,,0.85,True,,paper_004:p0019
paper_004:r0247,,paper_004,Dielectric barrier discharges - progress on plasma sources and on the understanding of regimes and single filaments,10.1088/1361-6595/aa6426,,microdischarges,PlasmaSource,emits,,luminosities,PhysicalQuantity,spatio-temporally resolved development of filaments... luminosities of microdischarges,,,0.9,True,,paper_004:p0019
paper_004:r0248,,paper_004,Dielectric barrier discharges - progress on plasma sources and on the understanding of regimes and single filaments,10.1088/1361-6595/aa6426,,Townsend pre-phase,DischargeRegime,characterized_by,,weak localized light spot,PhysicalEffect,"The (Townsend) pre-phase is characterized by a weak, localized light spot at the anode",,,0.85,True,,paper_004:p0019
paper_004:r0249,,paper_004,Dielectric barrier discharges - progress on plasma sources and on the understanding of regimes and single filaments,10.1088/1361-6595/aa6426,,DBD reactor,PlasmaSource,has,,filamentary discharge,DischargeRegime,In a DBD reactor with a filamentary discharge many microdischarges are usually generated,,,0.9,True,,paper_004:p0020
paper_004:r0250,,paper_004,Dielectric barrier discharges - progress on plasma sources and on the understanding of regimes and single filaments,10.1088/1361-6595/aa6426,,amplitude of the applied voltage,PowerSupply,affects,,number of filaments per half period,PhysicalQuantity,"the higher the amplitude of the applied voltage, the higher the number of filaments per half period T/2",,,0.85,True,,paper_004:p0020
paper_004:r0251,,paper_004,Dielectric barrier discharges - progress on plasma sources and on the understanding of regimes and single filaments,10.1088/1361-6595/aa6426,,surface charges,PlasmaTarget,inhibits,,microdischarges,PlasmaProperties,the surface charges are also inhibiting the formation of microdischarges at the same positions during the same half period,,,0.8,True,,paper_004:p0020
paper_004:r0252,,paper_004,Dielectric barrier discharges - progress on plasma sources and on the understanding of regimes and single filaments,10.1088/1361-6595/aa6426,,Monte Carlo based simulations,Modelling,model,,stationary behavior of the filaments,PlasmaProperties,The stationary behavior of the filaments was investigated and described by Monte Carlo based simulations,,,0.8,True,,paper_004:p0020
paper_004:r0253,,paper_004,Dielectric barrier discharges - progress on plasma sources and on the understanding of regimes and single filaments,10.1088/1361-6595/aa6426,,Pockels-effect,Modelling,used in,,time-resolved measurement,Experiment,time-resolved measurement of the surface charges via the Pockels-effect,,,0.8,True,,paper_004:p0020
paper_004:r0254,,paper_004,Dielectric barrier discharges - progress on plasma sources and on the understanding of regimes and single filaments,10.1088/1361-6595/aa6426,,surface charge,PlasmaTarget,affects,,microdischarge inception,PhysicalEffect,the surface charges enhanced the applied field at this location,,,0.75,True,,paper_004:p0020
paper_004:r0255,,paper_004,Dielectric barrier discharges - progress on plasma sources and on the understanding of regimes and single filaments,10.1088/1361-6595/aa6426,,surface charge pattern,PlasmaTarget,determines,,distribution in the following active phase,PhysicalEffect,The surface charge pattern remain constant and thus determine the distribution in the following active phase,,,0.8,True,,paper_004:p0020
paper_004:r0256,,paper_004,Dielectric barrier discharges - progress on plasma sources and on the understanding of regimes and single filaments,10.1088/1361-6595/aa6426,,surface charge density profiles,PlasmaTarget,show,,Gaussian distribution,PhysicalQuantity,A detailed analysis of the surface charge density profiles show a Gaussian distribution,,,0.8,True,,paper_004:p0020
paper_004:r0257,,paper_004,Dielectric barrier discharges - progress on plasma sources and on the understanding of regimes and single filaments,10.1088/1361-6595/aa6426,,surface charges,PlasmaTarget,are composed of,,negative charge,PhysicalQuantity,"spots of negative charge are obtained, i.e. the electrode covered by the crystal was the anode",,,0.7,True,,paper_004:p0020
paper_004:r0258,,paper_004,Dielectric barrier discharges - progress on plasma sources and on the understanding of regimes and single filaments,10.1088/1361-6595/aa6426,,surface charges,PlasmaTarget,are composed of,,positive surface charge density,PhysicalQuantity,the spots change from negative to a positive surface charge density,,,0.7,True,,paper_004:p0020
paper_004:r0259,,paper_004,Dielectric barrier discharges - progress on plasma sources and on the understanding of regimes and single filaments,10.1088/1361-6595/aa6426,,surface charge,PlasmaTarget,determined by,,electron affinity of the material,PhysicalQuantity,the axial location of the surface charge along the plasma-dielectric interface region is determined by the electron affinity of the material,,,0.75,True,,paper_004:p0020
paper_004:r0260,,paper_004,Dielectric barrier discharges - progress on plasma sources and on the understanding of regimes and single filaments,10.1088/1361-6595/aa6426,,surface charge,PlasmaTarget,influenced by,,humidity,Species,humidity is known as an important factor in the physics and chemistry of DBDs,,,0.7,True,,paper_004:p0020
paper_004:r0261,,paper_004,Dielectric barrier discharges - progress on plasma sources and on the understanding of regimes and single filaments,10.1088/1361-6595/aa6426,,surface charge,PlasmaTarget,correlated with,,dynamic behavior of filaments,PlasmaProperties,correlation between humidity in the system and the dynamic behavior of filaments,,,0.7,True,,paper_004:p0020
paper_004:r0262,,paper_004,Dielectric barrier discharges - progress on plasma sources and on the understanding of regimes and single filaments,10.1088/1361-6595/aa6426,,surface charge,PlasmaTarget,related to,,memory charges,PhysicalEffect,observed 'memory charges' at the filament spots in case of alumina as the barrier material,,,0.7,True,,paper_004:p0020
paper_004:r0263,,paper_004,Dielectric barrier discharges - progress on plasma sources and on the understanding of regimes and single filaments,10.1088/1361-6595/aa6426,,surface charge,PlasmaTarget,related to,,plasma-induced surface conductivity,PhysicalEffect,plasma-induced surface conductivity could explain the offset values of the surface charge profiles,,,0.7,True,,paper_004:p0020
paper_004:r0264,,paper_004,Dielectric barrier discharges - progress on plasma sources and on the understanding of regimes and single filaments,10.1088/1361-6595/aa6426,,surface charge,PlasmaTarget,related to,,residual species,Species,collective behavior of filamentary and patterned DBDs can be influenced by residual species in the volume,,,0.65,True,,paper_004:p0020
paper_004:r0265,,paper_004,Dielectric barrier discharges - progress on plasma sources and on the understanding of regimes and single filaments,10.1088/1361-6595/aa6426,,Transition,PhysicalEffect,involves,,filamentary,DischargeRegime,Transition between filamentary and diffuse DBDs,,,0.95,True,,paper_004:p0021
paper_004:r0266,,paper_004,Dielectric barrier discharges - progress on plasma sources and on the understanding of regimes and single filaments,10.1088/1361-6595/aa6426,,Transition,PhysicalEffect,involves,,diffuse,DischargeRegime,Transition between filamentary and diffuse DBDs,,,0.95,True,,paper_004:p0021
paper_004:r0267,,paper_004,Dielectric barrier discharges - progress on plasma sources and on the understanding of regimes and single filaments,10.1088/1361-6595/aa6426,,APGD,DischargeRegime,formed_in,,gases,PlasmaMedium,The APGD is usually formed in gases,,,0.9,True,,paper_004:p0021
paper_004:r0268,,paper_004,Dielectric barrier discharges - progress on plasma sources and on the understanding of regimes and single filaments,10.1088/1361-6595/aa6426,,APGD,DischargeRegime,involves,,ionization,PhysicalEffect,high gas ionization at comparatively low electric field strength,,,0.85,True,,paper_004:p0021
paper_004:r0269,,paper_004,Dielectric barrier discharges - progress on plasma sources and on the understanding of regimes and single filaments,10.1088/1361-6595/aa6426,,metastable N 2 (A),Species,determines,,diffuse,DischargeRegime,content of metastable queching molecules...determine whether the DBD will operate in diffuse regime,,,0.9,True,,paper_004:p0021
paper_004:r0270,,paper_004,Dielectric barrier discharges - progress on plasma sources and on the understanding of regimes and single filaments,10.1088/1361-6595/aa6426,,APTD,DischargeRegime,involves,,secondary electron emission,PhysicalEffect,secondary electron emission at the cathode to the ionization in the discharge volume,,,0.95,True,,paper_004:p0021
paper_004:r0271,,paper_004,Dielectric barrier discharges - progress on plasma sources and on the understanding of regimes and single filaments,10.1088/1361-6595/aa6426,,gas composition,PlasmaMedium,affects,,lifetime,PhysicalQuantity,effective lifetime...can be significantly reduced by collisional quenching,,,0.85,True,,paper_004:p0021
paper_004:r0272,,paper_004,Dielectric barrier discharges - progress on plasma sources and on the understanding of regimes and single filaments,10.1088/1361-6595/aa6426,,voltage slew rate,PowerSupply,leads_to,,power input,PhysicalQuantity,increase in the voltage slew rate...results in higher power input,,,0.9,True,,paper_004:p0021
paper_004:r0273,,paper_004,Dielectric barrier discharges - progress on plasma sources and on the understanding of regimes and single filaments,10.1088/1361-6595/aa6426,,power input,PhysicalQuantity,causes,,filamentation,DischargeRegime,higher power input...favors filamentation,,,0.85,True,,paper_004:p0021
paper_004:r0274,,paper_004,Dielectric barrier discharges - progress on plasma sources and on the understanding of regimes and single filaments,10.1088/1361-6595/aa6426,,secondary electron emission coefficient,PhysicalQuantity,influences,,hybrid mode,DischargeRegime,different secondary electron emission coefficients...hybrid modes are obtained,,,0.8,True,,paper_004:p0021
paper_004:r0275,,paper_004,Dielectric barrier discharges - progress on plasma sources and on the understanding of regimes and single filaments,10.1088/1361-6595/aa6426,,diffuse mode,DischargeRegime,correlated_with,,surface,PlasmaTarget,radial development...correlated with surface processes,,,0.75,True,,paper_004:p0021
paper_004:r0276,,paper_004,Dielectric barrier discharges - progress on plasma sources and on the understanding of regimes and single filaments,10.1088/1361-6595/aa6426,,APGD,DischargeRegime,involves,,self-organization,PhysicalEffect,self-organization of discharge filaments,,,0.8,True,,paper_004:p0021
paper_004:r0277,,paper_004,Dielectric barrier discharges - progress on plasma sources and on the understanding of regimes and single filaments,10.1088/1361-6595/aa6426,,negative ions,Species,affects,,development,PhysicalEffect,role of negative ions on the development and chemistry,,,0.7,True,,paper_004:p0021
paper_004:r0278,,paper_004,Dielectric barrier discharges - progress on plasma sources and on the understanding of regimes and single filaments,10.1088/1361-6595/aa6426,,laser photodetachment,PhysicalEffect,influences,,breakdown characteristics,PhysicalEffect,influence on the breakdown characteristics,,,0.75,True,,paper_004:p0021
paper_004:r0279,,paper_004,Dielectric barrier discharges - progress on plasma sources and on the understanding of regimes and single filaments,10.1088/1361-6595/aa6426,,DBDs,PlasmaSource,used_for,,nonthermal gas discharges,DischargeRegime,generation of nonthermal gas discharges at atmospheric pressure,,,0.95,True,,paper_004:p0022
paper_004:r0280,,paper_004,Dielectric barrier discharges - progress on plasma sources and on the understanding of regimes and single filaments,10.1088/1361-6595/aa6426,,DBDs,PlasmaSource,operates_at,,atmospheric pressure,PlasmaMedium,generation of nonthermal gas discharges at atmospheric pressure,,,0.9,True,,paper_004:p0022
paper_004:r0281,,paper_004,Dielectric barrier discharges - progress on plasma sources and on the understanding of regimes and single filaments,10.1088/1361-6595/aa6426,,DBDs,PlasmaSource,applied_in,,chemistry,PlasmaApplication,"field of chemistry (e.g. removal of pollutants, plasma synthesis)",,,0.85,True,,paper_004:p0022
paper_004:r0282,,paper_004,Dielectric barrier discharges - progress on plasma sources and on the understanding of regimes and single filaments,10.1088/1361-6595/aa6426,,DBDs,PlasmaSource,applied_in,,life-science,PlasmaApplication,"field of life-science (e.g. decontamination, would healing and other therapies)",,,0.85,True,,paper_004:p0022
paper_004:r0283,,paper_004,Dielectric barrier discharges - progress on plasma sources and on the understanding of regimes and single filaments,10.1088/1361-6595/aa6426,,DBDs,PlasmaSource,applied_in,,flow control,PlasmaApplication,field of ... flow control,,,0.85,True,,paper_004:p0022
paper_004:r0284,,paper_004,Dielectric barrier discharges - progress on plasma sources and on the understanding of regimes and single filaments,10.1088/1361-6595/aa6426,,DBDs,PlasmaSource,characterized_by,,electrical characterization,Experiment,electrical characterization sketched here and in the cited literature should be mandatory,,,0.9,True,,paper_004:p0022
paper_004:r0285,,paper_004,Dielectric barrier discharges - progress on plasma sources and on the understanding of regimes and single filaments,10.1088/1361-6595/aa6426,,miniaturization,PhysicalEffect,enables,,higher surface-to-volume ratios,PhysicalQuantity,further miniaturization of plasmas towards higher surface-to-volume ratios,,,0.9,True,,paper_004:p0022
paper_004:r0286,,paper_004,Dielectric barrier discharges - progress on plasma sources and on the understanding of regimes and single filaments,10.1088/1361-6595/aa6426,,nano-technology,PowerSupply,enables,,new diagnostics,DiagnosticDevice,evolving opportunities of nano-technology will enable the development of new diagnostics,,,0.85,True,,paper_004:p0022
paper_004:r0287,,paper_004,Dielectric barrier discharges - progress on plasma sources and on the understanding of regimes and single filaments,10.1088/1361-6595/aa6426,,nano-technology,PowerSupply,enables,,sophisticated plasma sources,PlasmaSource,evolving opportunities of nano-technology will enable the development of new diagnostics and more sophisticated plasma sources,,,0.85,True,,paper_004:p0022
paper_004:r0288,,paper_004,Dielectric barrier discharges - progress on plasma sources and on the understanding of regimes and single filaments,10.1088/1361-6595/aa6426,,Novel power sources,PowerSupply,enable,,control of plasma parameters,PlasmaProperties,Novel power sources give the chance to control plasma parameters,,,0.9,True,,paper_004:p0022
paper_004:r0289,,paper_004,Dielectric barrier discharges - progress on plasma sources and on the understanding of regimes and single filaments,10.1088/1361-6595/aa6426,,microdischarges,Species,constitute,,DBD process,PlasmaSource,Understanding the microdischarges as the most fundamental elements of a DBD process,,,0.9,True,,paper_004:p0022
paper_004:r0290,,paper_004,Dielectric barrier discharges - progress on plasma sources and on the understanding of regimes and single filaments,10.1088/1361-6595/aa6426,,surface memory processes,PhysicalEffect,occur_on,,dielectric surfaces,PlasmaTarget,surface memory processes are related to ... dielectric surfaces,,,0.85,True,,paper_004:p0022
paper_004:r0291,,paper_004,Dielectric barrier discharges - progress on plasma sources and on the understanding of regimes and single filaments,10.1088/1361-6595/aa6426,,volume memory processes,PhysicalEffect,occur_in,,discharge gap,PlasmaTarget,volume memory processes are connected with the recombination of charge carriers in the discharge gap,,,0.85,True,,paper_004:p0022
paper_004:r0292,,paper_004,Dielectric barrier discharges - progress on plasma sources and on the understanding of regimes and single filaments,10.1088/1361-6595/aa6426,,surface memory processes,PhysicalEffect,have_timescale,,seconds or higher,PhysicalQuantity,surface memory processes ... typical timescales are in the range of seconds or higher,,,0.8,True,,paper_004:p0022
paper_004:r0293,,paper_004,Dielectric barrier discharges - progress on plasma sources and on the understanding of regimes and single filaments,10.1088/1361-6595/aa6426,,volume memory processes,PhysicalEffect,have_timescale,,microseconds,PhysicalQuantity,volume memory processes ... typically proceed in the range of microseconds,,,0.8,True,,paper_004:p0022
paper_004:r0294,,paper_004,Dielectric barrier discharges - progress on plasma sources and on the understanding of regimes and single filaments,10.1088/1361-6595/aa6426,,DBD reactors,DiagnosticDevice,require,,electrical characterization,Experiment,development of new DBD reactors ... should be accompanied by a reliable characterization,,,0.9,True,,paper_004:p0022
paper_004:r0295,,paper_004,Dielectric barrier discharges - progress on plasma sources and on the understanding of regimes and single filaments,10.1088/1361-6595/aa6426,,plasma-surface interaction,PhysicalEffect,studied_in,,surface processes,PhysicalEffect,understanding of plasma-surface interaction in these discharges deeper is still a big scientific challenge,,,0.8,True,,paper_004:p0022
paper_004:r0296,,paper_004,Dielectric barrier discharges - progress on plasma sources and on the understanding of regimes and single filaments,10.1088/1361-6595/aa6426,,DBD,PlasmaSource,has_property,,nonthermal,PlasmaProperties,nonthermal gas discharges,,,0.95,True,,paper_004:p0022
paper_004:r0297,,paper_004,Dielectric barrier discharges - progress on plasma sources and on the understanding of regimes and single filaments,10.1088/1361-6595/aa6426,,DBD,PlasmaSource,has_property,,atmospheric pressure,PlasmaProperties,generation of nonthermal gas discharges at atmospheric pressure,,,0.9,True,,paper_004:p0022
